record_type,month,date,employee_name,role,employment_status,store,schedule_status,schedule_code_source,schedule_code_normalized,shift_start,shift_end,metric,value,source_file,source_sheet,source_row,source_column,validation_status,notes
cash,2026-04,2026-04-01,,,,Калинина 2,,,,,,cash_1c,111346.0,ватафа пепе планы!.xlsx,Касса,2,6,OK,
cash,2026-04,2026-04-01,,,,Калинина 2,,,,,,cash_actual,113212.0,ватафа пепе планы!.xlsx,Касса,2,5,OK,
cash,2026-04,2026-04-01,,,,Калинина 2,,,,,,cash_variance,-134.0,ватафа пепе планы!.xlsx,Касса,2,7,OK,
cash,2026-04,2026-04-01,,,,Космонавтов 20а,,,,,,cash_1c,31921.0,ватафа пепе планы!.xlsx,Касса,2,3,OK,
cash,2026-04,2026-04-01,,,,Космонавтов 20а,,,,,,cash_actual,32541.0,ватафа пепе планы!.xlsx,Касса,2,2,OK,
cash,2026-04,2026-04-01,,,,Космонавтов 20а,,,,,,cash_variance,-1380.0,ватафа пепе планы!.xlsx,Касса,2,4,OK,
cash,2026-04,2026-04-02,,,,Калинина 2,,,,,,cash_variance,-2000.0,ватафа пепе планы!.xlsx,Касса,3,7,OK,
cash,2026-04,2026-04-02,,,,Космонавтов 20а,,,,,,cash_1c,0.0,ватафа пепе планы!.xlsx,Касса,3,3,OK,
cash,2026-04,2026-04-02,,,,Космонавтов 20а,,,,,,cash_actual,1869.0,ватафа пепе планы!.xlsx,Касса,3,2,OK,
cash,2026-04,2026-04-02,,,,Космонавтов 20а,,,,,,cash_variance,-131.0,ватафа пепе планы!.xlsx,Касса,3,4,OK,
cash,2026-04,2026-04-03,,,,Калинина 2,,,,,,cash_1c,5040.0,ватафа пепе планы!.xlsx,Касса,4,6,OK,
cash,2026-04,2026-04-03,,,,Калинина 2,,,,,,cash_actual,7059.0,ватафа пепе планы!.xlsx,Касса,4,5,OK,
cash,2026-04,2026-04-03,,,,Калинина 2,,,,,,cash_variance,19.0,ватафа пепе планы!.xlsx,Касса,4,7,OK,
cash,2026-04,2026-04-03,,,,Космонавтов 20а,,,,,,cash_1c,15930.0,ватафа пепе планы!.xlsx,Касса,4,3,OK,
cash,2026-04,2026-04-03,,,,Космонавтов 20а,,,,,,cash_actual,17799.0,ватафа пепе планы!.xlsx,Касса,4,2,OK,
cash,2026-04,2026-04-03,,,,Космонавтов 20а,,,,,,cash_variance,-131.0,ватафа пепе планы!.xlsx,Касса,4,4,OK,
cash,2026-04,2026-04-04,,,,Калинина 2,,,,,,cash_1c,20839.0,ватафа пепе планы!.xlsx,Касса,5,6,OK,
cash,2026-04,2026-04-04,,,,Калинина 2,,,,,,cash_actual,22749.0,ватафа пепе планы!.xlsx,Касса,5,5,OK,
cash,2026-04,2026-04-04,,,,Калинина 2,,,,,,cash_variance,-90.0,ватафа пепе планы!.xlsx,Касса,5,7,OK,
cash,2026-04,2026-04-04,,,,Космонавтов 20а,,,,,,cash_1c,51800.0,ватафа пепе планы!.xlsx,Касса,5,3,OK,
cash,2026-04,2026-04-04,,,,Космонавтов 20а,,,,,,cash_actual,53691.0,ватафа пепе планы!.xlsx,Касса,5,2,OK,
cash,2026-04,2026-04-04,,,,Космонавтов 20а,,,,,,cash_variance,-109.0,ватафа пепе планы!.xlsx,Касса,5,4,OK,
cash,2026-04,2026-04-05,,,,Калинина 2,,,,,,cash_1c,45337.0,ватафа пепе планы!.xlsx,Касса,6,6,OK,
cash,2026-04,2026-04-05,,,,Калинина 2,,,,,,cash_actual,46900.0,ватафа пепе планы!.xlsx,Касса,6,5,OK,
cash,2026-04,2026-04-05,,,,Калинина 2,,,,,,cash_variance,-437.0,ватафа пепе планы!.xlsx,Касса,6,7,OK,
cash,2026-04,2026-04-05,,,,Космонавтов 20а,,,,,,cash_variance,-2000.0,ватафа пепе планы!.xlsx,Касса,6,4,OK,
cash,2026-04,2026-04-06,,,,Калинина 2,,,,,,cash_1c,48407.0,ватафа пепе планы!.xlsx,Касса,7,6,OK,
cash,2026-04,2026-04-06,,,,Калинина 2,,,,,,cash_actual,50317.0,ватафа пепе планы!.xlsx,Касса,7,5,OK,
cash,2026-04,2026-04-06,,,,Калинина 2,,,,,,cash_variance,-90.0,ватафа пепе планы!.xlsx,Касса,7,7,OK,
cash,2026-04,2026-04-06,,,,Космонавтов 20а,,,,,,cash_1c,63990.0,ватафа пепе планы!.xlsx,Касса,7,3,OK,
cash,2026-04,2026-04-06,,,,Космонавтов 20а,,,,,,cash_actual,65881.0,ватафа пепе планы!.xlsx,Касса,7,2,OK,
cash,2026-04,2026-04-06,,,,Космонавтов 20а,,,,,,cash_variance,-109.0,ватафа пепе планы!.xlsx,Касса,7,4,OK,
cash,2026-04,2026-04-07,,,,Калинина 2,,,,,,cash_1c,51007.0,ватафа пепе планы!.xlsx,Касса,8,6,OK,
cash,2026-04,2026-04-07,,,,Калинина 2,,,,,,cash_actual,52917.0,ватафа пепе планы!.xlsx,Касса,8,5,OK,
cash,2026-04,2026-04-07,,,,Калинина 2,,,,,,cash_variance,-90.0,ватафа пепе планы!.xlsx,Касса,8,7,OK,
cash,2026-04,2026-04-07,,,,Космонавтов 20а,,,,,,cash_1c,98888.0,ватафа пепе планы!.xlsx,Касса,8,3,OK,
cash,2026-04,2026-04-07,,,,Космонавтов 20а,,,,,,cash_actual,100780.0,ватафа пепе планы!.xlsx,Касса,8,2,OK,
cash,2026-04,2026-04-07,,,,Космонавтов 20а,,,,,,cash_variance,-108.0,ватафа пепе планы!.xlsx,Касса,8,4,OK,
cash,2026-04,2026-04-08,,,,Калинина 2,,,,,,cash_1c,63507.0,ватафа пепе планы!.xlsx,Касса,9,6,OK,
cash,2026-04,2026-04-08,,,,Калинина 2,,,,,,cash_actual,65337.0,ватафа пепе планы!.xlsx,Касса,9,5,OK,
cash,2026-04,2026-04-08,,,,Калинина 2,,,,,,cash_variance,-170.0,ватафа пепе планы!.xlsx,Касса,9,7,OK,
cash,2026-04,2026-04-08,,,,Космонавтов 20а,,,,,,cash_1c,104978.0,ватафа пепе планы!.xlsx,Касса,9,3,OK,
cash,2026-04,2026-04-08,,,,Космонавтов 20а,,,,,,cash_actual,106880.0,ватафа пепе планы!.xlsx,Касса,9,2,OK,
cash,2026-04,2026-04-08,,,,Космонавтов 20а,,,,,,cash_variance,-98.0,ватафа пепе планы!.xlsx,Касса,9,4,OK,
cash,2026-04,2026-04-09,,,,Калинина 2,,,,,,cash_1c,0.0,ватафа пепе планы!.xlsx,Касса,10,6,OK,
cash,2026-04,2026-04-09,,,,Калинина 2,,,,,,cash_actual,1930.0,ватафа пепе планы!.xlsx,Касса,10,5,OK,
cash,2026-04,2026-04-09,,,,Калинина 2,,,,,,cash_variance,-70.0,ватафа пепе планы!.xlsx,Касса,10,7,OK,
cash,2026-04,2026-04-09,,,,Космонавтов 20а,,,,,,cash_1c,110467.0,ватафа пепе планы!.xlsx,Касса,10,3,OK,
cash,2026-04,2026-04-09,,,,Космонавтов 20а,,,,,,cash_actual,112430.0,ватафа пепе планы!.xlsx,Касса,10,2,OK,
cash,2026-04,2026-04-09,,,,Космонавтов 20а,,,,,,cash_variance,-37.0,ватафа пепе планы!.xlsx,Касса,10,4,OK,
cash,2026-04,2026-04-10,,,,Калинина 2,,,,,,cash_variance,-2000.0,ватафа пепе планы!.xlsx,Касса,11,7,OK,
cash,2026-04,2026-04-10,,,,Космонавтов 20а,,,,,,cash_1c,7128.0,ватафа пепе планы!.xlsx,Касса,11,3,OK,
cash,2026-04,2026-04-10,,,,Космонавтов 20а,,,,,,cash_actual,9093.0,ватафа пепе планы!.xlsx,Касса,11,2,OK,
cash,2026-04,2026-04-10,,,,Космонавтов 20а,,,,,,cash_variance,-35.0,ватафа пепе планы!.xlsx,Касса,11,4,OK,
cash,2026-04,2026-04-11,,,,Калинина 2,,,,,,cash_variance,-2000.0,ватафа пепе планы!.xlsx,Касса,12,7,OK,
cash,2026-04,2026-04-11,,,,Космонавтов 20а,,,,,,cash_1c,30207.0,ватафа пепе планы!.xlsx,Касса,12,3,OK,
cash,2026-04,2026-04-11,,,,Космонавтов 20а,,,,,,cash_actual,32222.0,ватафа пепе планы!.xlsx,Касса,12,2,OK,
cash,2026-04,2026-04-11,,,,Космонавтов 20а,,,,,,cash_variance,15.0,ватафа пепе планы!.xlsx,Касса,12,4,OK,
cash,2026-04,2026-04-12,,,,Калинина 2,,,,,,cash_1c,43718.0,ватафа пепе планы!.xlsx,Касса,13,6,OK,
cash,2026-04,2026-04-12,,,,Калинина 2,,,,,,cash_actual,45561.0,ватафа пепе планы!.xlsx,Касса,13,5,OK,
cash,2026-04,2026-04-12,,,,Калинина 2,,,,,,cash_variance,-157.0,ватафа пепе планы!.xlsx,Касса,13,7,OK,
cash,2026-04,2026-04-12,,,,Космонавтов 20а,,,,,,cash_1c,32507.0,ватафа пепе планы!.xlsx,Касса,13,3,OK,
cash,2026-04,2026-04-12,,,,Космонавтов 20а,,,,,,cash_actual,34480.0,ватафа пепе планы!.xlsx,Касса,13,2,OK,
cash,2026-04,2026-04-12,,,,Космонавтов 20а,,,,,,cash_variance,-27.0,ватафа пепе планы!.xlsx,Касса,13,4,OK,
cash,2026-04,2026-04-13,,,,Калинина 2,,,,,,cash_1c,51188.0,ватафа пепе планы!.xlsx,Касса,14,6,OK,
cash,2026-04,2026-04-13,,,,Калинина 2,,,,,,cash_actual,53030.0,ватафа пепе планы!.xlsx,Касса,14,5,OK,
cash,2026-04,2026-04-13,,,,Калинина 2,,,,,,cash_variance,-158.0,ватафа пепе планы!.xlsx,Касса,14,7,OK,
cash,2026-04,2026-04-13,,,,Космонавтов 20а,,,,,,cash_1c,37306.0,ватафа пепе планы!.xlsx,Касса,14,3,OK,
cash,2026-04,2026-04-13,,,,Космонавтов 20а,,,,,,cash_actual,39272.0,ватафа пепе планы!.xlsx,Касса,14,2,OK,
cash,2026-04,2026-04-13,,,,Космонавтов 20а,,,,,,cash_variance,-34.0,ватафа пепе планы!.xlsx,Касса,14,4,OK,
cash,2026-04,2026-04-14,,,,Калинина 2,,,,,,cash_variance,-2000.0,ватафа пепе планы!.xlsx,Касса,15,7,OK,
cash,2026-04,2026-04-14,,,,Космонавтов 20а,,,,,,cash_1c,45636.0,ватафа пепе планы!.xlsx,Касса,15,3,OK,
cash,2026-04,2026-04-14,,,,Космонавтов 20а,,,,,,cash_actual,47622.0,ватафа пепе планы!.xlsx,Касса,15,2,OK,
cash,2026-04,2026-04-14,,,,Космонавтов 20а,,,,,,cash_variance,-14.0,ватафа пепе планы!.xlsx,Касса,15,4,OK,
cash,2026-04,2026-04-15,,,,Калинина 2,,,,,,cash_1c,76813.0,ватафа пепе планы!.xlsx,Касса,16,6,OK,
cash,2026-04,2026-04-15,,,,Калинина 2,,,,,,cash_actual,78640.0,ватафа пепе планы!.xlsx,Касса,16,5,OK,
cash,2026-04,2026-04-15,,,,Калинина 2,,,,,,cash_variance,-173.0,ватафа пепе планы!.xlsx,Касса,16,7,OK,
cash,2026-04,2026-04-15,,,,Космонавтов 20а,,,,,,cash_1c,52236.0,ватафа пепе планы!.xlsx,Касса,16,3,OK,
cash,2026-04,2026-04-15,,,,Космонавтов 20а,,,,,,cash_actual,54222.0,ватафа пепе планы!.xlsx,Касса,16,2,OK,
cash,2026-04,2026-04-15,,,,Космонавтов 20а,,,,,,cash_variance,-14.0,ватафа пепе планы!.xlsx,Касса,16,4,OK,
cash,2026-04,2026-04-16,,,,Калинина 2,,,,,,cash_1c,85973.0,ватафа пепе планы!.xlsx,Касса,17,6,OK,
cash,2026-04,2026-04-16,,,,Калинина 2,,,,,,cash_actual,87800.0,ватафа пепе планы!.xlsx,Касса,17,5,OK,
cash,2026-04,2026-04-16,,,,Калинина 2,,,,,,cash_variance,-173.0,ватафа пепе планы!.xlsx,Касса,17,7,OK,
cash,2026-04,2026-04-16,,,,Космонавтов 20а,,,,,,cash_1c,82896.0,ватафа пепе планы!.xlsx,Касса,17,3,OK,
cash,2026-04,2026-04-16,,,,Космонавтов 20а,,,,,,cash_actual,85850.0,ватафа пепе планы!.xlsx,Касса,17,2,OK,
cash,2026-04,2026-04-16,,,,Космонавтов 20а,,,,,,cash_variance,954.0,ватафа пепе планы!.xlsx,Касса,17,4,OK,
cash,2026-04,2026-04-17,,,,Калинина 2,,,,,,cash_1c,2000.0,ватафа пепе планы!.xlsx,Касса,18,6,OK,
cash,2026-04,2026-04-17,,,,Калинина 2,,,,,,cash_actual,3825.0,ватафа пепе планы!.xlsx,Касса,18,5,OK,
cash,2026-04,2026-04-17,,,,Калинина 2,,,,,,cash_variance,-175.0,ватафа пепе планы!.xlsx,Касса,18,7,OK,
cash,2026-04,2026-04-17,,,,Космонавтов 20а,,,,,,cash_1c,28469.0,ватафа пепе планы!.xlsx,Касса,18,3,OK,
cash,2026-04,2026-04-17,,,,Космонавтов 20а,,,,,,cash_actual,31482.0,ватафа пепе планы!.xlsx,Касса,18,2,OK,
cash,2026-04,2026-04-17,,,,Космонавтов 20а,,,,,,cash_variance,1013.0,ватафа пепе планы!.xlsx,Касса,18,4,OK,
cash,2026-04,2026-04-18,,,,Калинина 2,,,,,,cash_1c,18870.0,ватафа пепе планы!.xlsx,Касса,19,6,OK,
cash,2026-04,2026-04-18,,,,Калинина 2,,,,,,cash_actual,20699.0,ватафа пепе планы!.xlsx,Касса,19,5,OK,
cash,2026-04,2026-04-18,,,,Калинина 2,,,,,,cash_variance,-171.0,ватафа пепе планы!.xlsx,Касса,19,7,OK,
cash,2026-04,2026-04-18,,,,Космонавтов 20а,,,,,,cash_1c,32619.0,ватафа пепе планы!.xlsx,Касса,19,3,OK,
cash,2026-04,2026-04-18,,,,Космонавтов 20а,,,,,,cash_actual,35632.0,ватафа пепе планы!.xlsx,Касса,19,2,OK,
cash,2026-04,2026-04-18,,,,Космонавтов 20а,,,,,,cash_variance,1013.0,ватафа пепе планы!.xlsx,Касса,19,4,OK,
cash,2026-04,2026-04-19,,,,Калинина 2,,,,,,cash_1c,30159.0,ватафа пепе планы!.xlsx,Касса,20,6,OK,
cash,2026-04,2026-04-19,,,,Калинина 2,,,,,,cash_actual,31988.0,ватафа пепе планы!.xlsx,Касса,20,5,OK,
cash,2026-04,2026-04-19,,,,Калинина 2,,,,,,cash_variance,-171.0,ватафа пепе планы!.xlsx,Касса,20,7,OK,
cash,2026-04,2026-04-19,,,,Космонавтов 20а,,,,,,cash_1c,36319.0,ватафа пепе планы!.xlsx,Касса,20,3,OK,
cash,2026-04,2026-04-19,,,,Космонавтов 20а,,,,,,cash_actual,39332.0,ватафа пепе планы!.xlsx,Касса,20,2,OK,
cash,2026-04,2026-04-19,,,,Космонавтов 20а,,,,,,cash_variance,1013.0,ватафа пепе планы!.xlsx,Касса,20,4,OK,
cash,2026-04,2026-04-20,,,,Калинина 2,,,,,,cash_variance,-2000.0,ватафа пепе планы!.xlsx,Касса,21,7,OK,
cash,2026-04,2026-04-20,,,,Космонавтов 20а,,,,,,cash_1c,71947.0,ватафа пепе планы!.xlsx,Касса,21,3,OK,
cash,2026-04,2026-04-20,,,,Космонавтов 20а,,,,,,cash_actual,74962.0,ватафа пепе планы!.xlsx,Касса,21,2,OK,
cash,2026-04,2026-04-20,,,,Космонавтов 20а,,,,,,cash_variance,1015.0,ватафа пепе планы!.xlsx,Касса,21,4,OK,
cash,2026-04,2026-04-21,,,,Калинина 2,,,,,,cash_1c,48858.0,ватафа пепе планы!.xlsx,Касса,22,6,OK,
cash,2026-04,2026-04-21,,,,Калинина 2,,,,,,cash_actual,52688.0,ватафа пепе планы!.xlsx,Касса,22,5,OK,
cash,2026-04,2026-04-21,,,,Калинина 2,,,,,,cash_variance,1830.0,ватафа пепе планы!.xlsx,Касса,22,7,OK,
cash,2026-04,2026-04-21,,,,Космонавтов 20а,,,,,,cash_1c,75398.0,ватафа пепе планы!.xlsx,Касса,22,3,OK,
cash,2026-04,2026-04-21,,,,Космонавтов 20а,,,,,,cash_actual,78413.0,ватафа пепе планы!.xlsx,Касса,22,2,OK,
cash,2026-04,2026-04-21,,,,Космонавтов 20а,,,,,,cash_variance,1015.0,ватафа пепе планы!.xlsx,Касса,22,4,OK,
cash,2026-04,2026-04-22,,,,Калинина 2,,,,,,cash_1c,50758.0,ватафа пепе планы!.xlsx,Касса,23,6,OK,
cash,2026-04,2026-04-22,,,,Калинина 2,,,,,,cash_actual,53598.0,ватафа пепе планы!.xlsx,Касса,23,5,OK,
cash,2026-04,2026-04-22,,,,Калинина 2,,,,,,cash_variance,840.0,ватафа пепе планы!.xlsx,Касса,23,7,OK,
cash,2026-04,2026-04-22,,,,Космонавтов 20а,,,,,,cash_1c,91807.0,ватафа пепе планы!.xlsx,Касса,23,3,OK,
cash,2026-04,2026-04-22,,,,Космонавтов 20а,,,,,,cash_actual,94835.0,ватафа пепе планы!.xlsx,Касса,23,2,OK,
cash,2026-04,2026-04-22,,,,Космонавтов 20а,,,,,,cash_variance,1028.0,ватафа пепе планы!.xlsx,Касса,23,4,OK,
cash,2026-04,2026-04-23,,,,Калинина 2,,,,,,cash_1c,53228.0,ватафа пепе планы!.xlsx,Касса,24,6,OK,
cash,2026-04,2026-04-23,,,,Калинина 2,,,,,,cash_actual,56058.0,ватафа пепе планы!.xlsx,Касса,24,5,OK,
cash,2026-04,2026-04-23,,,,Калинина 2,,,,,,cash_variance,830.0,ватафа пепе планы!.xlsx,Касса,24,7,OK,
cash,2026-04,2026-04-23,,,,Космонавтов 20а,,,,,,cash_variance,-2000.0,ватафа пепе планы!.xlsx,Касса,24,4,OK,
cash,2026-04,2026-04-24,,,,Калинина 2,,,,,,cash_1c,400.0,ватафа пепе планы!.xlsx,Касса,25,6,OK,
cash,2026-04,2026-04-24,,,,Калинина 2,,,,,,cash_actual,3230.0,ватафа пепе планы!.xlsx,Касса,25,5,OK,
cash,2026-04,2026-04-24,,,,Калинина 2,,,,,,cash_variance,830.0,ватафа пепе планы!.xlsx,Касса,25,7,OK,
cash,2026-04,2026-04-24,,,,Космонавтов 20а,,,,,,cash_1c,15690.0,ватафа пепе планы!.xlsx,Касса,25,3,OK,
cash,2026-04,2026-04-24,,,,Космонавтов 20а,,,,,,cash_actual,18427.0,ватафа пепе планы!.xlsx,Касса,25,2,OK,
cash,2026-04,2026-04-24,,,,Космонавтов 20а,,,,,,cash_variance,737.0,ватафа пепе планы!.xlsx,Касса,25,4,OK,
cash,2026-04,2026-04-25,,,,Калинина 2,,,,,,cash_1c,3920.0,ватафа пепе планы!.xlsx,Касса,26,6,OK,
cash,2026-04,2026-04-25,,,,Калинина 2,,,,,,cash_actual,6750.0,ватафа пепе планы!.xlsx,Касса,26,5,OK,
cash,2026-04,2026-04-25,,,,Калинина 2,,,,,,cash_variance,830.0,ватафа пепе планы!.xlsx,Касса,26,7,OK,
cash,2026-04,2026-04-25,,,,Космонавтов 20а,,,,,,cash_1c,45750.0,ватафа пепе планы!.xlsx,Касса,26,3,OK,
cash,2026-04,2026-04-25,,,,Космонавтов 20а,,,,,,cash_actual,48507.0,ватафа пепе планы!.xlsx,Касса,26,2,OK,
cash,2026-04,2026-04-25,,,,Космонавтов 20а,,,,,,cash_variance,757.0,ватафа пепе планы!.xlsx,Касса,26,4,OK,
cash,2026-04,2026-04-26,,,,Калинина 2,,,,,,cash_variance,-2000.0,ватафа пепе планы!.xlsx,Касса,27,7,OK,
cash,2026-04,2026-04-26,,,,Космонавтов 20а,,,,,,cash_1c,67131.0,ватафа пепе планы!.xlsx,Касса,27,3,OK,
cash,2026-04,2026-04-26,,,,Космонавтов 20а,,,,,,cash_actual,69919.0,ватафа пепе планы!.xlsx,Касса,27,2,OK,
cash,2026-04,2026-04-26,,,,Космонавтов 20а,,,,,,cash_variance,788.0,ватафа пепе планы!.xlsx,Касса,27,4,OK,
cash,2026-04,2026-04-27,,,,Калинина 2,,,,,,cash_variance,-2000.0,ватафа пепе планы!.xlsx,Касса,28,7,OK,
cash,2026-04,2026-04-27,,,,Космонавтов 20а,,,,,,cash_1c,70482.0,ватафа пепе планы!.xlsx,Касса,28,3,OK,
cash,2026-04,2026-04-27,,,,Космонавтов 20а,,,,,,cash_actual,73269.0,ватафа пепе планы!.xlsx,Касса,28,2,OK,
cash,2026-04,2026-04-27,,,,Космонавтов 20а,,,,,,cash_variance,787.0,ватафа пепе планы!.xlsx,Касса,28,4,OK,
cash,2026-04,2026-04-28,,,,Калинина 2,,,,,,cash_1c,35239.0,ватафа пепе планы!.xlsx,Касса,29,6,OK,
cash,2026-04,2026-04-28,,,,Калинина 2,,,,,,cash_actual,38069.0,ватафа пепе планы!.xlsx,Касса,29,5,OK,
cash,2026-04,2026-04-28,,,,Калинина 2,,,,,,cash_variance,830.0,ватафа пепе планы!.xlsx,Касса,29,7,OK,
cash,2026-04,2026-04-28,,,,Космонавтов 20а,,,,,,cash_1c,78582.0,ватафа пепе планы!.xlsx,Касса,29,3,OK,
cash,2026-04,2026-04-28,,,,Космонавтов 20а,,,,,,cash_actual,81369.0,ватафа пепе планы!.xlsx,Касса,29,2,OK,
cash,2026-04,2026-04-28,,,,Космонавтов 20а,,,,,,cash_variance,787.0,ватафа пепе планы!.xlsx,Касса,29,4,OK,
cash,2026-04,2026-04-29,,,,Калинина 2,,,,,,cash_1c,39629.0,ватафа пепе планы!.xlsx,Касса,30,6,OK,
cash,2026-04,2026-04-29,,,,Калинина 2,,,,,,cash_actual,41459.0,ватафа пепе планы!.xlsx,Касса,30,5,OK,
cash,2026-04,2026-04-29,,,,Калинина 2,,,,,,cash_variance,-170.0,ватафа пепе планы!.xlsx,Касса,30,7,OK,
cash,2026-04,2026-04-29,,,,Космонавтов 20а,,,,,,cash_1c,95800.0,ватафа пепе планы!.xlsx,Касса,30,3,OK,
cash,2026-04,2026-04-29,,,,Космонавтов 20а,,,,,,cash_actual,98560.0,ватафа пепе планы!.xlsx,Касса,30,2,OK,
cash,2026-04,2026-04-29,,,,Космонавтов 20а,,,,,,cash_variance,760.0,ватафа пепе планы!.xlsx,Касса,30,4,OK,
cash,2026-04,2026-04-30,,,,Калинина 2,,,,,,cash_1c,44633.0,ватафа пепе планы!.xlsx,Касса,31,6,OK,
cash,2026-04,2026-04-30,,,,Калинина 2,,,,,,cash_actual,46463.0,ватафа пепе планы!.xlsx,Касса,31,5,OK,
cash,2026-04,2026-04-30,,,,Калинина 2,,,,,,cash_variance,-170.0,ватафа пепе планы!.xlsx,Касса,31,7,OK,
cash,2026-04,2026-04-30,,,,Космонавтов 20а,,,,,,cash_variance,-2000.0,ватафа пепе планы!.xlsx,Касса,31,4,OK,
cash,2026-05,2026-05-01,,,,Калинина 2,,,,,,cash_1c,0.0,МИР ТРУД МАЙ.xlsx,Касса,2,6,OK,
cash,2026-05,2026-05-01,,,,Калинина 2,,,,,,cash_actual,0.0,МИР ТРУД МАЙ.xlsx,Касса,2,5,OK,
cash,2026-05,2026-05-01,,,,Калинина 2,,,,,,cash_variance,-2000.0,МИР ТРУД МАЙ.xlsx,Касса,2,7,OK,
cash,2026-05,2026-05-01,,,,Космонавтов 20а,,,,,,cash_1c,100192.0,МИР ТРУД МАЙ.xlsx,Касса,2,3,OK,
cash,2026-05,2026-05-01,,,,Космонавтов 20а,,,,,,cash_actual,102964.0,МИР ТРУД МАЙ.xlsx,Касса,2,2,OK,
cash,2026-05,2026-05-01,,,,Космонавтов 20а,,,,,,cash_variance,772.0,МИР ТРУД МАЙ.xlsx,Касса,2,4,OK,
cash,2026-05,2026-05-02,,,,Калинина 2,,,,,,cash_1c,61333.0,МИР ТРУД МАЙ.xlsx,Касса,3,6,OK,
cash,2026-05,2026-05-02,,,,Калинина 2,,,,,,cash_actual,63157.0,МИР ТРУД МАЙ.xlsx,Касса,3,5,OK,
cash,2026-05,2026-05-02,,,,Калинина 2,,,,,,cash_variance,-176.0,МИР ТРУД МАЙ.xlsx,Касса,3,7,OK,
cash,2026-05,2026-05-02,,,,Космонавтов 20а,,,,,,cash_1c,0.0,МИР ТРУД МАЙ.xlsx,Касса,3,3,OK,
cash,2026-05,2026-05-02,,,,Космонавтов 20а,,,,,,cash_actual,0.0,МИР ТРУД МАЙ.xlsx,Касса,3,2,OK,
cash,2026-05,2026-05-02,,,,Космонавтов 20а,,,,,,cash_variance,-2000.0,МИР ТРУД МАЙ.xlsx,Касса,3,4,OK,
cash,2026-05,2026-05-03,,,,Калинина 2,,,,,,cash_1c,64203.0,МИР ТРУД МАЙ.xlsx,Касса,4,6,OK,
cash,2026-05,2026-05-03,,,,Калинина 2,,,,,,cash_actual,66031.0,МИР ТРУД МАЙ.xlsx,Касса,4,5,OK,
cash,2026-05,2026-05-03,,,,Калинина 2,,,,,,cash_variance,-172.0,МИР ТРУД МАЙ.xlsx,Касса,4,7,OK,
cash,2026-05,2026-05-03,,,,Космонавтов 20а,,,,,,cash_1c,108886.0,МИР ТРУД МАЙ.xlsx,Касса,4,3,OK,
cash,2026-05,2026-05-03,,,,Космонавтов 20а,,,,,,cash_actual,111759.0,МИР ТРУД МАЙ.xlsx,Касса,4,2,OK,
cash,2026-05,2026-05-03,,,,Космонавтов 20а,,,,,,cash_variance,873.0,МИР ТРУД МАЙ.xlsx,Касса,4,4,OK,
cash,2026-05,2026-05-04,,,,Калинина 2,,,,,,cash_1c,0.0,МИР ТРУД МАЙ.xlsx,Касса,5,6,OK,
cash,2026-05,2026-05-04,,,,Калинина 2,,,,,,cash_actual,0.0,МИР ТРУД МАЙ.xlsx,Касса,5,5,OK,
cash,2026-05,2026-05-04,,,,Калинина 2,,,,,,cash_variance,-2000.0,МИР ТРУД МАЙ.xlsx,Касса,5,7,OK,
cash,2026-05,2026-05-04,,,,Космонавтов 20а,,,,,,cash_1c,0.0,МИР ТРУД МАЙ.xlsx,Касса,5,3,OK,
cash,2026-05,2026-05-04,,,,Космонавтов 20а,,,,,,cash_actual,0.0,МИР ТРУД МАЙ.xlsx,Касса,5,2,OK,
cash,2026-05,2026-05-04,,,,Космонавтов 20а,,,,,,cash_variance,-2000.0,МИР ТРУД МАЙ.xlsx,Касса,5,4,OK,
cash,2026-05,2026-05-05,,,,Калинина 2,,,,,,cash_1c,0.0,МИР ТРУД МАЙ.xlsx,Касса,6,6,OK,
cash,2026-05,2026-05-05,,,,Калинина 2,,,,,,cash_actual,0.0,МИР ТРУД МАЙ.xlsx,Касса,6,5,OK,
cash,2026-05,2026-05-05,,,,Калинина 2,,,,,,cash_variance,-2000.0,МИР ТРУД МАЙ.xlsx,Касса,6,7,OK,
cash,2026-05,2026-05-05,,,,Космонавтов 20а,,,,,,cash_1c,0.0,МИР ТРУД МАЙ.xlsx,Касса,6,3,OK,
cash,2026-05,2026-05-05,,,,Космонавтов 20а,,,,,,cash_actual,0.0,МИР ТРУД МАЙ.xlsx,Касса,6,2,OK,
cash,2026-05,2026-05-05,,,,Космонавтов 20а,,,,,,cash_variance,-2000.0,МИР ТРУД МАЙ.xlsx,Касса,6,4,OK,
cash,2026-05,2026-05-06,,,,Калинина 2,,,,,,cash_1c,0.0,МИР ТРУД МАЙ.xlsx,Касса,7,6,OK,
cash,2026-05,2026-05-06,,,,Калинина 2,,,,,,cash_actual,0.0,МИР ТРУД МАЙ.xlsx,Касса,7,5,OK,
cash,2026-05,2026-05-06,,,,Калинина 2,,,,,,cash_variance,-2000.0,МИР ТРУД МАЙ.xlsx,Касса,7,7,OK,
cash,2026-05,2026-05-06,,,,Космонавтов 20а,,,,,,cash_1c,132979.0,МИР ТРУД МАЙ.xlsx,Касса,7,3,OK,
cash,2026-05,2026-05-06,,,,Космонавтов 20а,,,,,,cash_actual,135872.0,МИР ТРУД МАЙ.xlsx,Касса,7,2,OK,
cash,2026-05,2026-05-06,,,,Космонавтов 20а,,,,,,cash_variance,893.0,МИР ТРУД МАЙ.xlsx,Касса,7,4,OK,
cash,2026-05,2026-05-07,,,,Калинина 2,,,,,,cash_1c,0.0,МИР ТРУД МАЙ.xlsx,Касса,8,6,OK,
cash,2026-05,2026-05-07,,,,Калинина 2,,,,,,cash_actual,2230.0,МИР ТРУД МАЙ.xlsx,Касса,8,5,OK,
cash,2026-05,2026-05-07,,,,Калинина 2,,,,,,cash_variance,230.0,МИР ТРУД МАЙ.xlsx,Касса,8,7,OK,
cash,2026-05,2026-05-07,,,,Космонавтов 20а,,,,,,cash_1c,0.0,МИР ТРУД МАЙ.xlsx,Касса,8,3,OK,
cash,2026-05,2026-05-07,,,,Космонавтов 20а,,,,,,cash_actual,0.0,МИР ТРУД МАЙ.xlsx,Касса,8,2,OK,
cash,2026-05,2026-05-07,,,,Космонавтов 20а,,,,,,cash_variance,-2000.0,МИР ТРУД МАЙ.xlsx,Касса,8,4,OK,
cash,2026-05,2026-05-08,,,,Калинина 2,,,,,,cash_1c,0.0,МИР ТРУД МАЙ.xlsx,Касса,9,6,OK,
cash,2026-05,2026-05-08,,,,Калинина 2,,,,,,cash_actual,0.0,МИР ТРУД МАЙ.xlsx,Касса,9,5,OK,
cash,2026-05,2026-05-08,,,,Калинина 2,,,,,,cash_variance,-2000.0,МИР ТРУД МАЙ.xlsx,Касса,9,7,OK,
cash,2026-05,2026-05-08,,,,Космонавтов 20а,,,,,,cash_1c,18190.0,МИР ТРУД МАЙ.xlsx,Касса,9,3,OK,
cash,2026-05,2026-05-08,,,,Космонавтов 20а,,,,,,cash_actual,21070.0,МИР ТРУД МАЙ.xlsx,Касса,9,2,OK,
cash,2026-05,2026-05-08,,,,Космонавтов 20а,,,,,,cash_variance,880.0,МИР ТРУД МАЙ.xlsx,Касса,9,4,OK,
cash,2026-05,2026-05-09,,,,Калинина 2,,,,,,cash_1c,12890.0,МИР ТРУД МАЙ.xlsx,Касса,10,6,OK,
cash,2026-05,2026-05-09,,,,Калинина 2,,,,,,cash_actual,15130.0,МИР ТРУД МАЙ.xlsx,Касса,10,5,OK,
cash,2026-05,2026-05-09,,,,Калинина 2,,,,,,cash_variance,240.0,МИР ТРУД МАЙ.xlsx,Касса,10,7,OK,
cash,2026-05,2026-05-09,,,,Космонавтов 20а,,,,,,cash_1c,0.0,МИР ТРУД МАЙ.xlsx,Касса,10,3,OK,
cash,2026-05,2026-05-09,,,,Космонавтов 20а,,,,,,cash_actual,0.0,МИР ТРУД МАЙ.xlsx,Касса,10,2,OK,
cash,2026-05,2026-05-09,,,,Космонавтов 20а,,,,,,cash_variance,-2000.0,МИР ТРУД МАЙ.xlsx,Касса,10,4,OK,
cash,2026-05,2026-05-10,,,,Калинина 2,,,,,,cash_1c,0.0,МИР ТРУД МАЙ.xlsx,Касса,11,6,OK,
cash,2026-05,2026-05-10,,,,Калинина 2,,,,,,cash_actual,0.0,МИР ТРУД МАЙ.xlsx,Касса,11,5,OK,
cash,2026-05,2026-05-10,,,,Калинина 2,,,,,,cash_variance,-2000.0,МИР ТРУД МАЙ.xlsx,Касса,11,7,OK,
cash,2026-05,2026-05-10,,,,Космонавтов 20а,,,,,,cash_1c,0.0,МИР ТРУД МАЙ.xlsx,Касса,11,3,OK,
cash,2026-05,2026-05-10,,,,Космонавтов 20а,,,,,,cash_actual,0.0,МИР ТРУД МАЙ.xlsx,Касса,11,2,OK,
cash,2026-05,2026-05-10,,,,Космонавтов 20а,,,,,,cash_variance,-2000.0,МИР ТРУД МАЙ.xlsx,Касса,11,4,OK,
cash,2026-05,2026-05-11,,,,Калинина 2,,,,,,cash_1c,0.0,МИР ТРУД МАЙ.xlsx,Касса,12,6,OK,
cash,2026-05,2026-05-11,,,,Калинина 2,,,,,,cash_actual,0.0,МИР ТРУД МАЙ.xlsx,Касса,12,5,OK,
cash,2026-05,2026-05-11,,,,Калинина 2,,,,,,cash_variance,-2000.0,МИР ТРУД МАЙ.xlsx,Касса,12,7,OK,
cash,2026-05,2026-05-11,,,,Космонавтов 20а,,,,,,cash_1c,83939.0,МИР ТРУД МАЙ.xlsx,Касса,12,3,OK,
cash,2026-05,2026-05-11,,,,Космонавтов 20а,,,,,,cash_actual,86752.0,МИР ТРУД МАЙ.xlsx,Касса,12,2,OK,
cash,2026-05,2026-05-11,,,,Космонавтов 20а,,,,,,cash_variance,813.0,МИР ТРУД МАЙ.xlsx,Касса,12,4,OK,
cash,2026-05,2026-05-12,,,,Калинина 2,,,,,,cash_1c,39636.0,МИР ТРУД МАЙ.xlsx,Касса,13,6,OK,
cash,2026-05,2026-05-12,,,,Калинина 2,,,,,,cash_actual,41729.0,МИР ТРУД МАЙ.xlsx,Касса,13,5,OK,
cash,2026-05,2026-05-12,,,,Калинина 2,,,,,,cash_variance,93.0,МИР ТРУД МАЙ.xlsx,Касса,13,7,OK,
cash,2026-05,2026-05-12,,,,Космонавтов 20а,,,,,,cash_1c,0.0,МИР ТРУД МАЙ.xlsx,Касса,13,3,OK,
cash,2026-05,2026-05-12,,,,Космонавтов 20а,,,,,,cash_actual,0.0,МИР ТРУД МАЙ.xlsx,Касса,13,2,OK,
cash,2026-05,2026-05-12,,,,Космонавтов 20а,,,,,,cash_variance,-2000.0,МИР ТРУД МАЙ.xlsx,Касса,13,4,OK,
cash,2026-05,2026-05-13,,,,Калинина 2,,,,,,cash_1c,45206.0,МИР ТРУД МАЙ.xlsx,Касса,14,6,OK,
cash,2026-05,2026-05-13,,,,Калинина 2,,,,,,cash_actual,47314.0,МИР ТРУД МАЙ.xlsx,Касса,14,5,OK,
cash,2026-05,2026-05-13,,,,Калинина 2,,,,,,cash_variance,108.0,МИР ТРУД МАЙ.xlsx,Касса,14,7,OK,
cash,2026-05,2026-05-13,,,,Космонавтов 20а,,,,,,cash_1c,123649.0,МИР ТРУД МАЙ.xlsx,Касса,14,3,OK,
cash,2026-05,2026-05-13,,,,Космонавтов 20а,,,,,,cash_actual,126481.0,МИР ТРУД МАЙ.xlsx,Касса,14,2,OK,
cash,2026-05,2026-05-13,,,,Космонавтов 20а,,,,,,cash_variance,832.0,МИР ТРУД МАЙ.xlsx,Касса,14,4,OK,
cash,2026-05,2026-05-14,,,,Калинина 2,,,,,,cash_1c,0.0,МИР ТРУД МАЙ.xlsx,Касса,15,6,OK,
cash,2026-05,2026-05-14,,,,Калинина 2,,,,,,cash_actual,1992.0,МИР ТРУД МАЙ.xlsx,Касса,15,5,OK,
cash,2026-05,2026-05-14,,,,Калинина 2,,,,,,cash_variance,-8.0,МИР ТРУД МАЙ.xlsx,Касса,15,7,OK,
cash,2026-05,2026-05-14,,,,Космонавтов 20а,,,,,,cash_1c,0.0,МИР ТРУД МАЙ.xlsx,Касса,15,3,OK,
cash,2026-05,2026-05-14,,,,Космонавтов 20а,,,,,,cash_actual,2832.0,МИР ТРУД МАЙ.xlsx,Касса,15,2,OK,
cash,2026-05,2026-05-14,,,,Космонавтов 20а,,,,,,cash_variance,832.0,МИР ТРУД МАЙ.xlsx,Касса,15,4,OK,
cash,2026-05,2026-05-15,,,,Калинина 2,,,,,,cash_1c,2150.0,МИР ТРУД МАЙ.xlsx,Касса,16,6,OK,
cash,2026-05,2026-05-15,,,,Калинина 2,,,,,,cash_actual,4142.0,МИР ТРУД МАЙ.xlsx,Касса,16,5,OK,
cash,2026-05,2026-05-15,,,,Калинина 2,,,,,,cash_variance,-8.0,МИР ТРУД МАЙ.xlsx,Касса,16,7,OK,
cash,2026-05,2026-05-15,,,,Космонавтов 20а,,,,,,cash_1c,25159.0,МИР ТРУД МАЙ.xlsx,Касса,16,3,OK,
cash,2026-05,2026-05-15,,,,Космонавтов 20а,,,,,,cash_actual,28132.0,МИР ТРУД МАЙ.xlsx,Касса,16,2,OK,
cash,2026-05,2026-05-15,,,,Космонавтов 20а,,,,,,cash_variance,973.0,МИР ТРУД МАЙ.xlsx,Касса,16,4,OK,
cash,2026-05,2026-05-16,,,,Калинина 2,,,,,,cash_1c,0.0,МИР ТРУД МАЙ.xlsx,Касса,17,6,OK,
cash,2026-05,2026-05-16,,,,Калинина 2,,,,,,cash_actual,0.0,МИР ТРУД МАЙ.xlsx,Касса,17,5,OK,
cash,2026-05,2026-05-16,,,,Калинина 2,,,,,,cash_variance,-2000.0,МИР ТРУД МАЙ.xlsx,Касса,17,7,OK,
cash,2026-05,2026-05-16,,,,Космонавтов 20а,,,,,,cash_1c,28159.0,МИР ТРУД МАЙ.xlsx,Касса,17,3,OK,
cash,2026-05,2026-05-16,,,,Космонавтов 20а,,,,,,cash_actual,31131.0,МИР ТРУД МАЙ.xlsx,Касса,17,2,OK,
cash,2026-05,2026-05-16,,,,Космонавтов 20а,,,,,,cash_variance,972.0,МИР ТРУД МАЙ.xlsx,Касса,17,4,OK,
cash,2026-05,2026-05-17,,,,Калинина 2,,,,,,cash_1c,9589.0,МИР ТРУД МАЙ.xlsx,Касса,18,6,OK,
cash,2026-05,2026-05-17,,,,Калинина 2,,,,,,cash_actual,11486.0,МИР ТРУД МАЙ.xlsx,Касса,18,5,OK,
cash,2026-05,2026-05-17,,,,Калинина 2,,,,,,cash_variance,-103.0,МИР ТРУД МАЙ.xlsx,Касса,18,7,OK,
cash,2026-05,2026-05-17,,,,Космонавтов 20а,,,,,,cash_1c,38149.0,МИР ТРУД МАЙ.xlsx,Касса,18,3,OK,
cash,2026-05,2026-05-17,,,,Космонавтов 20а,,,,,,cash_actual,41122.0,МИР ТРУД МАЙ.xlsx,Касса,18,2,OK,
cash,2026-05,2026-05-17,,,,Космонавтов 20а,,,,,,cash_variance,973.0,МИР ТРУД МАЙ.xlsx,Касса,18,4,OK,
cash,2026-05,2026-05-18,,,,Калинина 2,,,,,,cash_1c,0.0,МИР ТРУД МАЙ.xlsx,Касса,19,6,OK,
cash,2026-05,2026-05-18,,,,Калинина 2,,,,,,cash_actual,0.0,МИР ТРУД МАЙ.xlsx,Касса,19,5,OK,
cash,2026-05,2026-05-18,,,,Калинина 2,,,,,,cash_variance,-2000.0,МИР ТРУД МАЙ.xlsx,Касса,19,7,OK,
cash,2026-05,2026-05-18,,,,Космонавтов 20а,,,,,,cash_variance,-2000.0,МИР ТРУД МАЙ.xlsx,Касса,19,4,OK,
cash,2026-05,2026-05-19,,,,Калинина 2,,,,,,cash_1c,0.0,МИР ТРУД МАЙ.xlsx,Касса,20,6,OK,
cash,2026-05,2026-05-19,,,,Калинина 2,,,,,,cash_actual,0.0,МИР ТРУД МАЙ.xlsx,Касса,20,5,OK,
cash,2026-05,2026-05-19,,,,Калинина 2,,,,,,cash_variance,-2000.0,МИР ТРУД МАЙ.xlsx,Касса,20,7,OK,
cash,2026-05,2026-05-19,,,,Космонавтов 20а,,,,,,cash_1c,48259.0,МИР ТРУД МАЙ.xlsx,Касса,20,3,OK,
cash,2026-05,2026-05-19,,,,Космонавтов 20а,,,,,,cash_actual,50282.0,МИР ТРУД МАЙ.xlsx,Касса,20,2,OK,
cash,2026-05,2026-05-19,,,,Космонавтов 20а,,,,,,cash_variance,23.0,МИР ТРУД МАЙ.xlsx,Касса,20,4,OK,
cash,2026-05,2026-05-20,,,,Калинина 2,,,,,,cash_1c,24978.0,МИР ТРУД МАЙ.xlsx,Касса,21,6,OK,
cash,2026-05,2026-05-20,,,,Калинина 2,,,,,,cash_actual,26879.0,МИР ТРУД МАЙ.xlsx,Касса,21,5,OK,
cash,2026-05,2026-05-20,,,,Калинина 2,,,,,,cash_variance,-99.0,МИР ТРУД МАЙ.xlsx,Касса,21,7,OK,
cash,2026-05,2026-05-20,,,,Космонавтов 20а,,,,,,cash_1c,0.0,МИР ТРУД МАЙ.xlsx,Касса,21,3,OK,
cash,2026-05,2026-05-20,,,,Космонавтов 20а,,,,,,cash_actual,0.0,МИР ТРУД МАЙ.xlsx,Касса,21,2,OK,
cash,2026-05,2026-05-20,,,,Космонавтов 20а,,,,,,cash_variance,-2000.0,МИР ТРУД МАЙ.xlsx,Касса,21,4,OK,
cash,2026-05,2026-05-21,,,,Калинина 2,,,,,,cash_1c,0.0,МИР ТРУД МАЙ.xlsx,Касса,22,6,OK,
cash,2026-05,2026-05-21,,,,Калинина 2,,,,,,cash_actual,1892.0,МИР ТРУД МАЙ.xlsx,Касса,22,5,OK,
cash,2026-05,2026-05-21,,,,Калинина 2,,,,,,cash_variance,-108.0,МИР ТРУД МАЙ.xlsx,Касса,22,7,OK,
cash,2026-05,2026-05-21,,,,Космонавтов 20а,,,,,,cash_1c,0.0,МИР ТРУД МАЙ.xlsx,Касса,22,3,OK,
cash,2026-05,2026-05-21,,,,Космонавтов 20а,,,,,,cash_actual,0.0,МИР ТРУД МАЙ.xlsx,Касса,22,2,OK,
cash,2026-05,2026-05-21,,,,Космонавтов 20а,,,,,,cash_variance,-2000.0,МИР ТРУД МАЙ.xlsx,Касса,22,4,OK,
cash,2026-05,2026-05-22,,,,Калинина 2,,,,,,cash_1c,0.0,МИР ТРУД МАЙ.xlsx,Касса,23,6,OK,
cash,2026-05,2026-05-22,,,,Калинина 2,,,,,,cash_actual,0.0,МИР ТРУД МАЙ.xlsx,Касса,23,5,OK,
cash,2026-05,2026-05-22,,,,Калинина 2,,,,,,cash_variance,-2000.0,МИР ТРУД МАЙ.xlsx,Касса,23,7,OK,
cash,2026-05,2026-05-22,,,,Космонавтов 20а,,,,,,cash_1c,5000.0,МИР ТРУД МАЙ.xlsx,Касса,23,3,OK,
cash,2026-05,2026-05-22,,,,Космонавтов 20а,,,,,,cash_actual,6854.0,МИР ТРУД МАЙ.xlsx,Касса,23,2,OK,
cash,2026-05,2026-05-22,,,,Космонавтов 20а,,,,,,cash_variance,-146.0,МИР ТРУД МАЙ.xlsx,Касса,23,4,OK,
cash,2026-05,2026-05-23,,,,Калинина 2,,,,,,cash_1c,26520.0,МИР ТРУД МАЙ.xlsx,Касса,24,6,OK,
cash,2026-05,2026-05-23,,,,Калинина 2,,,,,,cash_actual,28433.0,МИР ТРУД МАЙ.xlsx,Касса,24,5,OK,
cash,2026-05,2026-05-23,,,,Калинина 2,,,,,,cash_variance,-87.0,МИР ТРУД МАЙ.xlsx,Касса,24,7,OK,
cash,2026-05,2026-05-23,,,,Космонавтов 20а,,,,,,cash_1c,44638.0,МИР ТРУД МАЙ.xlsx,Касса,24,3,OK,
cash,2026-05,2026-05-23,,,,Космонавтов 20а,,,,,,cash_actual,46623.0,МИР ТРУД МАЙ.xlsx,Касса,24,2,OK,
cash,2026-05,2026-05-23,,,,Космонавтов 20а,,,,,,cash_variance,-15.0,МИР ТРУД МАЙ.xlsx,Касса,24,4,OK,
cash,2026-05,2026-05-24,,,,Калинина 2,,,,,,cash_1c,0.0,МИР ТРУД МАЙ.xlsx,Касса,25,6,OK,
cash,2026-05,2026-05-24,,,,Калинина 2,,,,,,cash_actual,0.0,МИР ТРУД МАЙ.xlsx,Касса,25,5,OK,
cash,2026-05,2026-05-24,,,,Калинина 2,,,,,,cash_variance,-2000.0,МИР ТРУД МАЙ.xlsx,Касса,25,7,OK,
cash,2026-05,2026-05-24,,,,Космонавтов 20а,,,,,,cash_1c,50987.0,МИР ТРУД МАЙ.xlsx,Касса,25,3,OK,
cash,2026-05,2026-05-24,,,,Космонавтов 20а,,,,,,cash_actual,52984.0,МИР ТРУД МАЙ.xlsx,Касса,25,2,OK,
cash,2026-05,2026-05-24,,,,Космонавтов 20а,,,,,,cash_variance,-3.0,МИР ТРУД МАЙ.xlsx,Касса,25,4,OK,
cash,2026-05,2026-05-25,,,,Калинина 2,,,,,,cash_1c,0.0,МИР ТРУД МАЙ.xlsx,Касса,26,6,OK,
cash,2026-05,2026-05-25,,,,Калинина 2,,,,,,cash_actual,0.0,МИР ТРУД МАЙ.xlsx,Касса,26,5,OK,
cash,2026-05,2026-05-25,,,,Калинина 2,,,,,,cash_variance,-2000.0,МИР ТРУД МАЙ.xlsx,Касса,26,7,OK,
cash,2026-05,2026-05-25,,,,Космонавтов 20а,,,,,,cash_1c,61138.0,МИР ТРУД МАЙ.xlsx,Касса,26,3,OK,
cash,2026-05,2026-05-25,,,,Космонавтов 20а,,,,,,cash_actual,63140.0,МИР ТРУД МАЙ.xlsx,Касса,26,2,OK,
cash,2026-05,2026-05-25,,,,Космонавтов 20а,,,,,,cash_variance,2.0,МИР ТРУД МАЙ.xlsx,Касса,26,4,OK,
cash,2026-05,2026-05-26,,,,Калинина 2,,,,,,cash_1c,39960.0,МИР ТРУД МАЙ.xlsx,Касса,27,6,OK,
cash,2026-05,2026-05-26,,,,Калинина 2,,,,,,cash_actual,41873.0,МИР ТРУД МАЙ.xlsx,Касса,27,5,OK,
cash,2026-05,2026-05-26,,,,Калинина 2,,,,,,cash_variance,-87.0,МИР ТРУД МАЙ.xlsx,Касса,27,7,OK,
cash,2026-05,2026-05-26,,,,Космонавтов 20а,,,,,,cash_1c,0.0,МИР ТРУД МАЙ.xlsx,Касса,27,3,OK,
cash,2026-05,2026-05-26,,,,Космонавтов 20а,,,,,,cash_actual,0.0,МИР ТРУД МАЙ.xlsx,Касса,27,2,OK,
cash,2026-05,2026-05-26,,,,Космонавтов 20а,,,,,,cash_variance,-2000.0,МИР ТРУД МАЙ.xlsx,Касса,27,4,OK,
cash,2026-05,2026-05-27,,,,Калинина 2,,,,,,cash_1c,0.0,МИР ТРУД МАЙ.xlsx,Касса,28,6,OK,
cash,2026-05,2026-05-27,,,,Калинина 2,,,,,,cash_variance,-2000.0,МИР ТРУД МАЙ.xlsx,Касса,28,7,OK,
cash,2026-05,2026-05-27,,,,Космонавтов 20а,,,,,,cash_1c,73378.0,МИР ТРУД МАЙ.xlsx,Касса,28,3,OK,
cash,2026-05,2026-05-27,,,,Космонавтов 20а,,,,,,cash_actual,75384.0,МИР ТРУД МАЙ.xlsx,Касса,28,2,OK,
cash,2026-05,2026-05-27,,,,Космонавтов 20а,,,,,,cash_variance,6.0,МИР ТРУД МАЙ.xlsx,Касса,28,4,OK,
cash,2026-05,2026-05-28,,,,Калинина 2,,,,,,cash_1c,0.0,МИР ТРУД МАЙ.xlsx,Касса,29,6,OK,
cash,2026-05,2026-05-28,,,,Калинина 2,,,,,,cash_actual,0.0,МИР ТРУД МАЙ.xlsx,Касса,29,5,OK,
cash,2026-05,2026-05-28,,,,Калинина 2,,,,,,cash_variance,-2000.0,МИР ТРУД МАЙ.xlsx,Касса,29,7,OK,
cash,2026-05,2026-05-28,,,,Космонавтов 20а,,,,,,cash_1c,0.0,МИР ТРУД МАЙ.xlsx,Касса,29,3,OK,
cash,2026-05,2026-05-28,,,,Космонавтов 20а,,,,,,cash_actual,0.0,МИР ТРУД МАЙ.xlsx,Касса,29,2,OK,
cash,2026-05,2026-05-28,,,,Космонавтов 20а,,,,,,cash_variance,-2000.0,МИР ТРУД МАЙ.xlsx,Касса,29,4,OK,
cash,2026-05,2026-05-29,,,,Калинина 2,,,,,,cash_1c,7949.0,МИР ТРУД МАЙ.xlsx,Касса,30,6,OK,
cash,2026-05,2026-05-29,,,,Калинина 2,,,,,,cash_actual,9828.0,МИР ТРУД МАЙ.xlsx,Касса,30,5,OK,
cash,2026-05,2026-05-29,,,,Калинина 2,,,,,,cash_variance,-121.0,МИР ТРУД МАЙ.xlsx,Касса,30,7,OK,
cash,2026-05,2026-05-29,,,,Космонавтов 20а,,,,,,cash_1c,3000.0,МИР ТРУД МАЙ.xlsx,Касса,30,3,OK,
cash,2026-05,2026-05-29,,,,Космонавтов 20а,,,,,,cash_actual,5225.0,МИР ТРУД МАЙ.xlsx,Касса,30,2,OK,
cash,2026-05,2026-05-29,,,,Космонавтов 20а,,,,,,cash_variance,225.0,МИР ТРУД МАЙ.xlsx,Касса,30,4,OK,
cash,2026-05,2026-05-30,,,,Калинина 2,,,,,,cash_1c,11200.0,МИР ТРУД МАЙ.xlsx,Касса,31,6,OK,
cash,2026-05,2026-05-30,,,,Калинина 2,,,,,,cash_actual,13093.0,МИР ТРУД МАЙ.xlsx,Касса,31,5,OK,
cash,2026-05,2026-05-30,,,,Калинина 2,,,,,,cash_variance,-107.0,МИР ТРУД МАЙ.xlsx,Касса,31,7,OK,
cash,2026-05,2026-05-30,,,,Космонавтов 20а,,,,,,cash_1c,18890.0,МИР ТРУД МАЙ.xlsx,Касса,31,3,OK,
cash,2026-05,2026-05-30,,,,Космонавтов 20а,,,,,,cash_actual,21025.0,МИР ТРУД МАЙ.xlsx,Касса,31,2,OK,
cash,2026-05,2026-05-30,,,,Космонавтов 20а,,,,,,cash_variance,135.0,МИР ТРУД МАЙ.xlsx,Касса,31,4,OK,
cash,2026-05,2026-05-31,,,,Калинина 2,,,,,,cash_1c,0.0,МИР ТРУД МАЙ.xlsx,Касса,32,6,OK,
cash,2026-05,2026-05-31,,,,Калинина 2,,,,,,cash_actual,0.0,МИР ТРУД МАЙ.xlsx,Касса,32,5,OK,
cash,2026-05,2026-05-31,,,,Калинина 2,,,,,,cash_variance,-2000.0,МИР ТРУД МАЙ.xlsx,Касса,32,7,OK,
cash,2026-05,2026-05-31,,,,Космонавтов 20а,,,,,,cash_1c,22381.0,МИР ТРУД МАЙ.xlsx,Касса,32,3,OK,
cash,2026-05,2026-05-31,,,,Космонавтов 20а,,,,,,cash_actual,24515.0,МИР ТРУД МАЙ.xlsx,Касса,32,2,OK,
cash,2026-05,2026-05-31,,,,Космонавтов 20а,,,,,,cash_variance,134.0,МИР ТРУД МАЙ.xlsx,Касса,32,4,OK,
cash,2026-06,2026-06-01,,,,Калинина 2,,,,,,cash_1c,0.0,ПУХ ЖАРА ИЮНЬ(1).xlsx,Касса,2,6,OK,
cash,2026-06,2026-06-01,,,,Калинина 2,,,,,,cash_actual,0.0,ПУХ ЖАРА ИЮНЬ(1).xlsx,Касса,2,5,OK,
cash,2026-06,2026-06-01,,,,Калинина 2,,,,,,cash_variance,-2000.0,ПУХ ЖАРА ИЮНЬ(1).xlsx,Касса,2,7,OK,
cash,2026-06,2026-06-01,,,,Космонавтов 20а,,,,,,cash_1c,29291.0,ПУХ ЖАРА ИЮНЬ(1).xlsx,Касса,2,3,OK,
cash,2026-06,2026-06-01,,,,Космонавтов 20а,,,,,,cash_actual,31424.0,ПУХ ЖАРА ИЮНЬ(1).xlsx,Касса,2,2,OK,
cash,2026-06,2026-06-01,,,,Космонавтов 20а,,,,,,cash_variance,133.0,ПУХ ЖАРА ИЮНЬ(1).xlsx,Касса,2,4,OK,
cash,2026-06,2026-06-02,,,,Калинина 2,,,,,,cash_1c,76721.0,ПУХ ЖАРА ИЮНЬ(1).xlsx,Касса,3,6,OK,
cash,2026-06,2026-06-02,,,,Калинина 2,,,,,,cash_actual,72186.0,ПУХ ЖАРА ИЮНЬ(1).xlsx,Касса,3,5,OK,
cash,2026-06,2026-06-02,,,,Калинина 2,,,,,,cash_variance,-6535.0,ПУХ ЖАРА ИЮНЬ(1).xlsx,Касса,3,7,OK,
cash,2026-06,2026-06-02,,,,Космонавтов 20а,,,,,,cash_1c,48491.0,ПУХ ЖАРА ИЮНЬ(1).xlsx,Касса,3,3,OK,
cash,2026-06,2026-06-02,,,,Космонавтов 20а,,,,,,cash_actual,50624.0,ПУХ ЖАРА ИЮНЬ(1).xlsx,Касса,3,2,OK,
cash,2026-06,2026-06-02,,,,Космонавтов 20а,,,,,,cash_variance,133.0,ПУХ ЖАРА ИЮНЬ(1).xlsx,Касса,3,4,OK,
cash,2026-06,2026-06-03,,,,Калинина 2,,,,,,cash_1c,86571.0,ПУХ ЖАРА ИЮНЬ(1).xlsx,Касса,4,6,OK,
cash,2026-06,2026-06-03,,,,Калинина 2,,,,,,cash_actual,82100.0,ПУХ ЖАРА ИЮНЬ(1).xlsx,Касса,4,5,OK,
cash,2026-06,2026-06-03,,,,Калинина 2,,,,,,cash_variance,-6471.0,ПУХ ЖАРА ИЮНЬ(1).xlsx,Касса,4,7,OK,
cash,2026-06,2026-06-03,,,,Космонавтов 20а,,,,,,cash_1c,0.0,ПУХ ЖАРА ИЮНЬ(1).xlsx,Касса,4,3,OK,
cash,2026-06,2026-06-03,,,,Космонавтов 20а,,,,,,cash_actual,0.0,ПУХ ЖАРА ИЮНЬ(1).xlsx,Касса,4,2,OK,
cash,2026-06,2026-06-03,,,,Космонавтов 20а,,,,,,cash_variance,-2000.0,ПУХ ЖАРА ИЮНЬ(1).xlsx,Касса,4,4,OK,
cash,2026-06,2026-06-04,,,,Калинина 2,,,,,,cash_1c,0.0,ПУХ ЖАРА ИЮНЬ(1).xlsx,Касса,5,6,OK,
cash,2026-06,2026-06-04,,,,Калинина 2,,,,,,cash_actual,0.0,ПУХ ЖАРА ИЮНЬ(1).xlsx,Касса,5,5,OK,
cash,2026-06,2026-06-04,,,,Калинина 2,,,,,,cash_variance,-2000.0,ПУХ ЖАРА ИЮНЬ(1).xlsx,Касса,5,7,OK,
cash,2026-06,2026-06-04,,,,Космонавтов 20а,,,,,,cash_1c,0.0,ПУХ ЖАРА ИЮНЬ(1).xlsx,Касса,5,3,OK,
cash,2026-06,2026-06-04,,,,Космонавтов 20а,,,,,,cash_actual,0.0,ПУХ ЖАРА ИЮНЬ(1).xlsx,Касса,5,2,OK,
cash,2026-06,2026-06-04,,,,Космонавтов 20а,,,,,,cash_variance,-2000.0,ПУХ ЖАРА ИЮНЬ(1).xlsx,Касса,5,4,OK,
cash,2026-06,2026-06-05,,,,Калинина 2,,,,,,cash_1c,47110.0,ПУХ ЖАРА ИЮНЬ(1).xlsx,Касса,6,6,OK,
cash,2026-06,2026-06-05,,,,Калинина 2,,,,,,cash_actual,48637.0,ПУХ ЖАРА ИЮНЬ(1).xlsx,Касса,6,5,OK,
cash,2026-06,2026-06-05,,,,Калинина 2,,,,,,cash_variance,-473.0,ПУХ ЖАРА ИЮНЬ(1).xlsx,Касса,6,7,OK,
cash,2026-06,2026-06-05,,,,Космонавтов 20а,,,,,,cash_1c,11630.0,ПУХ ЖАРА ИЮНЬ(1).xlsx,Касса,6,3,OK,
cash,2026-06,2026-06-05,,,,Космонавтов 20а,,,,,,cash_actual,14160.0,ПУХ ЖАРА ИЮНЬ(1).xlsx,Касса,6,2,OK,
cash,2026-06,2026-06-05,,,,Космонавтов 20а,,,,,,cash_variance,530.0,ПУХ ЖАРА ИЮНЬ(1).xlsx,Касса,6,4,OK,
cash,2026-06,2026-06-06,,,,Калинина 2,,,,,,cash_1c,0.0,ПУХ ЖАРА ИЮНЬ(1).xlsx,Касса,7,6,OK,
cash,2026-06,2026-06-06,,,,Калинина 2,,,,,,cash_actual,0.0,ПУХ ЖАРА ИЮНЬ(1).xlsx,Касса,7,5,OK,
cash,2026-06,2026-06-06,,,,Калинина 2,,,,,,cash_variance,-2000.0,ПУХ ЖАРА ИЮНЬ(1).xlsx,Касса,7,7,OK,
cash,2026-06,2026-06-06,,,,Космонавтов 20а,,,,,,cash_1c,15467.0,ПУХ ЖАРА ИЮНЬ(1).xlsx,Касса,7,3,OK,
cash,2026-06,2026-06-06,,,,Космонавтов 20а,,,,,,cash_actual,18300.0,ПУХ ЖАРА ИЮНЬ(1).xlsx,Касса,7,2,OK,
cash,2026-06,2026-06-06,,,,Космонавтов 20а,,,,,,cash_variance,833.0,ПУХ ЖАРА ИЮНЬ(1).xlsx,Касса,7,4,OK,
cash,2026-06,2026-06-07,,,,Калинина 2,,,,,,cash_1c,0.0,ПУХ ЖАРА ИЮНЬ(1).xlsx,Касса,8,6,OK,
cash,2026-06,2026-06-07,,,,Калинина 2,,,,,,cash_actual,0.0,ПУХ ЖАРА ИЮНЬ(1).xlsx,Касса,8,5,OK,
cash,2026-06,2026-06-07,,,,Калинина 2,,,,,,cash_variance,-2000.0,ПУХ ЖАРА ИЮНЬ(1).xlsx,Касса,8,7,OK,
cash,2026-06,2026-06-07,,,,Космонавтов 20а,,,,,,cash_1c,27336.0,ПУХ ЖАРА ИЮНЬ(1).xlsx,Касса,8,3,OK,
cash,2026-06,2026-06-07,,,,Космонавтов 20а,,,,,,cash_actual,29784.0,ПУХ ЖАРА ИЮНЬ(1).xlsx,Касса,8,2,OK,
cash,2026-06,2026-06-07,,,,Космонавтов 20а,,,,,,cash_variance,448.0,ПУХ ЖАРА ИЮНЬ(1).xlsx,Касса,8,4,OK,
cash,2026-06,2026-06-08,,,,Калинина 2,,,,,,cash_1c,0.0,ПУХ ЖАРА ИЮНЬ(1).xlsx,Касса,9,6,OK,
cash,2026-06,2026-06-08,,,,Калинина 2,,,,,,cash_actual,0.0,ПУХ ЖАРА ИЮНЬ(1).xlsx,Касса,9,5,OK,
cash,2026-06,2026-06-08,,,,Калинина 2,,,,,,cash_variance,-2000.0,ПУХ ЖАРА ИЮНЬ(1).xlsx,Касса,9,7,OK,
cash,2026-06,2026-06-08,,,,Космонавтов 20а,,,,,,cash_1c,37027.0,ПУХ ЖАРА ИЮНЬ(1).xlsx,Касса,9,3,OK,
cash,2026-06,2026-06-08,,,,Космонавтов 20а,,,,,,cash_actual,38396.0,ПУХ ЖАРА ИЮНЬ(1).xlsx,Касса,9,2,OK,
cash,2026-06,2026-06-08,,,,Космонавтов 20а,,,,,,cash_variance,-631.0,ПУХ ЖАРА ИЮНЬ(1).xlsx,Касса,9,4,OK,
cash,2026-06,2026-06-09,,,,Калинина 2,,,,,,cash_1c,84505.0,ПУХ ЖАРА ИЮНЬ(1).xlsx,Касса,10,6,OK,
cash,2026-06,2026-06-09,,,,Калинина 2,,,,,,cash_actual,85242.0,ПУХ ЖАРА ИЮНЬ(1).xlsx,Касса,10,5,OK,
cash,2026-06,2026-06-09,,,,Калинина 2,,,,,,cash_variance,-1263.0,ПУХ ЖАРА ИЮНЬ(1).xlsx,Касса,10,7,OK,
cash,2026-06,2026-06-09,,,,Космонавтов 20а,,,,,,cash_1c,42606.0,ПУХ ЖАРА ИЮНЬ(1).xlsx,Касса,10,3,OK,
cash,2026-06,2026-06-09,,,,Космонавтов 20а,,,,,,cash_actual,43166.0,ПУХ ЖАРА ИЮНЬ(1).xlsx,Касса,10,2,OK,
cash,2026-06,2026-06-09,,,,Космонавтов 20а,,,,,,cash_variance,-1440.0,ПУХ ЖАРА ИЮНЬ(1).xlsx,Касса,10,4,OK,
cash,2026-06,2026-06-10,,,,Калинина 2,,,,,,cash_1c,0.0,ПУХ ЖАРА ИЮНЬ(1).xlsx,Касса,11,6,OK,
cash,2026-06,2026-06-10,,,,Калинина 2,,,,,,cash_actual,0.0,ПУХ ЖАРА ИЮНЬ(1).xlsx,Касса,11,5,OK,
cash,2026-06,2026-06-10,,,,Калинина 2,,,,,,cash_variance,-2000.0,ПУХ ЖАРА ИЮНЬ(1).xlsx,Касса,11,7,OK,
cash,2026-06,2026-06-10,,,,Космонавтов 20а,,,,,,cash_1c,65865.0,ПУХ ЖАРА ИЮНЬ(1).xlsx,Касса,11,3,OK,
cash,2026-06,2026-06-10,,,,Космонавтов 20а,,,,,,cash_actual,66381.0,ПУХ ЖАРА ИЮНЬ(1).xlsx,Касса,11,2,OK,
cash,2026-06,2026-06-10,,,,Космонавтов 20а,,,,,,cash_variance,-1484.0,ПУХ ЖАРА ИЮНЬ(1).xlsx,Касса,11,4,OK,
cash,2026-06,2026-06-11,,,,Калинина 2,,,,,,cash_1c,0.0,ПУХ ЖАРА ИЮНЬ(1).xlsx,Касса,12,6,OK,
cash,2026-06,2026-06-11,,,,Калинина 2,,,,,,cash_actual,0.0,ПУХ ЖАРА ИЮНЬ(1).xlsx,Касса,12,5,OK,
cash,2026-06,2026-06-11,,,,Калинина 2,,,,,,cash_variance,-2000.0,ПУХ ЖАРА ИЮНЬ(1).xlsx,Касса,12,7,OK,
cash,2026-06,2026-06-11,,,,Космонавтов 20а,,,,,,cash_1c,0.0,ПУХ ЖАРА ИЮНЬ(1).xlsx,Касса,12,3,OK,
cash,2026-06,2026-06-11,,,,Космонавтов 20а,,,,,,cash_actual,0.0,ПУХ ЖАРА ИЮНЬ(1).xlsx,Касса,12,2,OK,
cash,2026-06,2026-06-11,,,,Космонавтов 20а,,,,,,cash_variance,-2000.0,ПУХ ЖАРА ИЮНЬ(1).xlsx,Касса,12,4,OK,
cash,2026-06,2026-06-12,,,,Калинина 2,,,,,,cash_1c,0.0,ПУХ ЖАРА ИЮНЬ(1).xlsx,Касса,13,6,OK,
cash,2026-06,2026-06-12,,,,Калинина 2,,,,,,cash_actual,0.0,ПУХ ЖАРА ИЮНЬ(1).xlsx,Касса,13,5,OK,
cash,2026-06,2026-06-12,,,,Калинина 2,,,,,,cash_variance,-2000.0,ПУХ ЖАРА ИЮНЬ(1).xlsx,Касса,13,7,OK,
cash,2026-06,2026-06-12,,,,Космонавтов 20а,,,,,,cash_1c,106314.0,ПУХ ЖАРА ИЮНЬ(1).xlsx,Касса,13,3,OK,
cash,2026-06,2026-06-12,,,,Космонавтов 20а,,,,,,cash_actual,106171.0,ПУХ ЖАРА ИЮНЬ(1).xlsx,Касса,13,2,OK,
cash,2026-06,2026-06-12,,,,Космонавтов 20а,,,,,,cash_variance,-2143.0,ПУХ ЖАРА ИЮНЬ(1).xlsx,Касса,13,4,OK,
cash,2026-06,2026-06-13,,,,Калинина 2,,,,,,cash_1c,105116.0,ПУХ ЖАРА ИЮНЬ(1).xlsx,Касса,14,6,OK,
cash,2026-06,2026-06-13,,,,Калинина 2,,,,,,cash_actual,105853.0,ПУХ ЖАРА ИЮНЬ(1).xlsx,Касса,14,5,OK,
cash,2026-06,2026-06-13,,,,Калинина 2,,,,,,cash_variance,-1263.0,ПУХ ЖАРА ИЮНЬ(1).xlsx,Касса,14,7,OK,
cash,2026-06,2026-06-13,,,,Космонавтов 20а,,,,,,cash_1c,115364.0,ПУХ ЖАРА ИЮНЬ(1).xlsx,Касса,14,3,OK,
cash,2026-06,2026-06-13,,,,Космонавтов 20а,,,,,,cash_actual,115221.0,ПУХ ЖАРА ИЮНЬ(1).xlsx,Касса,14,2,OK,
cash,2026-06,2026-06-13,,,,Космонавтов 20а,,,,,,cash_variance,-2143.0,ПУХ ЖАРА ИЮНЬ(1).xlsx,Касса,14,4,OK,
cash,2026-06,2026-06-14,,,,Калинина 2,,,,,,cash_1c,126375.0,ПУХ ЖАРА ИЮНЬ(1).xlsx,Касса,15,6,OK,
cash,2026-06,2026-06-14,,,,Калинина 2,,,,,,cash_actual,128401.0,ПУХ ЖАРА ИЮНЬ(1).xlsx,Касса,15,5,OK,
cash,2026-06,2026-06-14,,,,Калинина 2,,,,,,cash_variance,26.0,ПУХ ЖАРА ИЮНЬ(1).xlsx,Касса,15,7,OK,
cash,2026-06,2026-06-14,,,,Космонавтов 20а,,,,,,cash_1c,0.0,ПУХ ЖАРА ИЮНЬ(1).xlsx,Касса,15,3,OK,
cash,2026-06,2026-06-14,,,,Космонавтов 20а,,,,,,cash_actual,1940.0,ПУХ ЖАРА ИЮНЬ(1).xlsx,Касса,15,2,OK,
cash,2026-06,2026-06-14,,,,Космонавтов 20а,,,,,,cash_variance,-60.0,ПУХ ЖАРА ИЮНЬ(1).xlsx,Касса,15,4,OK,
cash,2026-06,2026-06-15,,,,Калинина 2,,,,,,cash_1c,5403.0,ПУХ ЖАРА ИЮНЬ(1).xlsx,Касса,16,6,OK,
cash,2026-06,2026-06-15,,,,Калинина 2,,,,,,cash_actual,8930.0,ПУХ ЖАРА ИЮНЬ(1).xlsx,Касса,16,5,OK,
cash,2026-06,2026-06-15,,,,Калинина 2,,,,,,cash_variance,1527.0,ПУХ ЖАРА ИЮНЬ(1).xlsx,Касса,16,7,OK,
cash,2026-06,2026-06-15,,,,Космонавтов 20а,,,,,,cash_1c,28359.0,ПУХ ЖАРА ИЮНЬ(1).xlsx,Касса,16,3,OK,
cash,2026-06,2026-06-15,,,,Космонавтов 20а,,,,,,cash_actual,30300.0,ПУХ ЖАРА ИЮНЬ(1).xlsx,Касса,16,2,OK,
cash,2026-06,2026-06-15,,,,Космонавтов 20а,,,,,,cash_variance,-59.0,ПУХ ЖАРА ИЮНЬ(1).xlsx,Касса,16,4,OK,
cash,2026-06,2026-06-16,,,,Калинина 2,,,,,,cash_1c,0.0,ПУХ ЖАРА ИЮНЬ(1).xlsx,Касса,17,6,OK,
cash,2026-06,2026-06-16,,,,Калинина 2,,,,,,cash_actual,0.0,ПУХ ЖАРА ИЮНЬ(1).xlsx,Касса,17,5,OK,
cash,2026-06,2026-06-16,,,,Калинина 2,,,,,,cash_variance,-2000.0,ПУХ ЖАРА ИЮНЬ(1).xlsx,Касса,17,7,OK,
cash,2026-06,2026-06-16,,,,Космонавтов 20а,,,,,,cash_1c,84467.0,ПУХ ЖАРА ИЮНЬ(1).xlsx,Касса,17,3,OK,
cash,2026-06,2026-06-16,,,,Космонавтов 20а,,,,,,cash_actual,86451.0,ПУХ ЖАРА ИЮНЬ(1).xlsx,Касса,17,2,OK,
cash,2026-06,2026-06-16,,,,Космонавтов 20а,,,,,,cash_variance,-16.0,ПУХ ЖАРА ИЮНЬ(1).xlsx,Касса,17,4,OK,
cash,2026-06,2026-06-17,,,,Калинина 2,,,,,,cash_1c,13731.0,ПУХ ЖАРА ИЮНЬ(1).xlsx,Касса,18,6,OK,
cash,2026-06,2026-06-17,,,,Калинина 2,,,,,,cash_actual,15731.0,ПУХ ЖАРА ИЮНЬ(1).xlsx,Касса,18,5,OK,
cash,2026-06,2026-06-17,,,,Калинина 2,,,,,,cash_variance,0.0,ПУХ ЖАРА ИЮНЬ(1).xlsx,Касса,18,7,OK,
cash,2026-06,2026-06-17,,,,Космонавтов 20а,,,,,,cash_1c,98187.0,ПУХ ЖАРА ИЮНЬ(1).xlsx,Касса,18,3,OK,
cash,2026-06,2026-06-17,,,,Космонавтов 20а,,,,,,cash_actual,100166.0,ПУХ ЖАРА ИЮНЬ(1).xlsx,Касса,18,2,OK,
cash,2026-06,2026-06-17,,,,Космонавтов 20а,,,,,,cash_variance,-21.0,ПУХ ЖАРА ИЮНЬ(1).xlsx,Касса,18,4,OK,
cash,2026-06,2026-06-18,,,,Калинина 2,,,,,,cash_1c,26231.0,ПУХ ЖАРА ИЮНЬ(1).xlsx,Касса,19,6,OK,
cash,2026-06,2026-06-18,,,,Калинина 2,,,,,,cash_actual,28230.0,ПУХ ЖАРА ИЮНЬ(1).xlsx,Касса,19,5,OK,
cash,2026-06,2026-06-18,,,,Калинина 2,,,,,,cash_variance,-1.0,ПУХ ЖАРА ИЮНЬ(1).xlsx,Касса,19,7,OK,
cash,2026-06,2026-06-18,,,,Космонавтов 20а,,,,,,cash_1c,0.0,ПУХ ЖАРА ИЮНЬ(1).xlsx,Касса,19,3,OK,
cash,2026-06,2026-06-18,,,,Космонавтов 20а,,,,,,cash_actual,0.0,ПУХ ЖАРА ИЮНЬ(1).xlsx,Касса,19,2,OK,
cash,2026-06,2026-06-18,,,,Космонавтов 20а,,,,,,cash_variance,-2000.0,ПУХ ЖАРА ИЮНЬ(1).xlsx,Касса,19,4,OK,
cash,2026-06,2026-06-19,,,,Калинина 2,,,,,,cash_1c,23339.0,ПУХ ЖАРА ИЮНЬ(1).xlsx,Касса,20,6,OK,
cash,2026-06,2026-06-19,,,,Калинина 2,,,,,,cash_actual,25338.0,ПУХ ЖАРА ИЮНЬ(1).xlsx,Касса,20,5,OK,
cash,2026-06,2026-06-19,,,,Калинина 2,,,,,,cash_variance,-1.0,ПУХ ЖАРА ИЮНЬ(1).xlsx,Касса,20,7,OK,
cash,2026-06,2026-06-19,,,,Космонавтов 20а,,,,,,cash_1c,1450.0,ПУХ ЖАРА ИЮНЬ(1).xlsx,Касса,20,3,OK,
cash,2026-06,2026-06-19,,,,Космонавтов 20а,,,,,,cash_actual,3434.0,ПУХ ЖАРА ИЮНЬ(1).xlsx,Касса,20,2,OK,
cash,2026-06,2026-06-19,,,,Космонавтов 20а,,,,,,cash_variance,-16.0,ПУХ ЖАРА ИЮНЬ(1).xlsx,Касса,20,4,OK,
cash,2026-06,2026-06-20,,,,Калинина 2,,,,,,cash_1c,23339.0,ПУХ ЖАРА ИЮНЬ(1).xlsx,Касса,21,6,OK,
cash,2026-06,2026-06-20,,,,Калинина 2,,,,,,cash_actual,25338.0,ПУХ ЖАРА ИЮНЬ(1).xlsx,Касса,21,5,OK,
cash,2026-06,2026-06-20,,,,Калинина 2,,,,,,cash_variance,-1.0,ПУХ ЖАРА ИЮНЬ(1).xlsx,Касса,21,7,OK,
cash,2026-06,2026-06-20,,,,Космонавтов 20а,,,,,,cash_1c,2850.0,ПУХ ЖАРА ИЮНЬ(1).xlsx,Касса,21,3,OK,
cash,2026-06,2026-06-20,,,,Космонавтов 20а,,,,,,cash_actual,4834.0,ПУХ ЖАРА ИЮНЬ(1).xlsx,Касса,21,2,OK,
cash,2026-06,2026-06-20,,,,Космонавтов 20а,,,,,,cash_variance,-16.0,ПУХ ЖАРА ИЮНЬ(1).xlsx,Касса,21,4,OK,
cash,2026-06,2026-06-21,,,,Калинина 2,,,,,,cash_1c,59334.0,ПУХ ЖАРА ИЮНЬ(1).xlsx,Касса,22,6,OK,
cash,2026-06,2026-06-21,,,,Калинина 2,,,,,,cash_actual,61340.0,ПУХ ЖАРА ИЮНЬ(1).xlsx,Касса,22,5,OK,
cash,2026-06,2026-06-21,,,,Калинина 2,,,,,,cash_variance,6.0,ПУХ ЖАРА ИЮНЬ(1).xlsx,Касса,22,7,OK,
cash,2026-06,2026-06-21,,,,Космонавтов 20а,,,,,,cash_1c,10200.0,ПУХ ЖАРА ИЮНЬ(1).xlsx,Касса,22,3,OK,
cash,2026-06,2026-06-21,,,,Космонавтов 20а,,,,,,cash_actual,12134.0,ПУХ ЖАРА ИЮНЬ(1).xlsx,Касса,22,2,OK,
cash,2026-06,2026-06-21,,,,Космонавтов 20а,,,,,,cash_variance,-66.0,ПУХ ЖАРА ИЮНЬ(1).xlsx,Касса,22,4,OK,
cash,2026-06,2026-06-22,,,,Калинина 2,,,,,,cash_1c,0.0,ПУХ ЖАРА ИЮНЬ(1).xlsx,Касса,23,6,OK,
cash,2026-06,2026-06-22,,,,Калинина 2,,,,,,cash_actual,0.0,ПУХ ЖАРА ИЮНЬ(1).xlsx,Касса,23,5,OK,
cash,2026-06,2026-06-22,,,,Калинина 2,,,,,,cash_variance,-2000.0,ПУХ ЖАРА ИЮНЬ(1).xlsx,Касса,23,7,OK,
cash,2026-06,2026-06-22,,,,Космонавтов 20а,,,,,,cash_1c,15200.0,ПУХ ЖАРА ИЮНЬ(1).xlsx,Касса,23,3,OK,
cash,2026-06,2026-06-22,,,,Космонавтов 20а,,,,,,cash_actual,17134.0,ПУХ ЖАРА ИЮНЬ(1).xlsx,Касса,23,2,OK,
cash,2026-06,2026-06-22,,,,Космонавтов 20а,,,,,,cash_variance,-66.0,ПУХ ЖАРА ИЮНЬ(1).xlsx,Касса,23,4,OK,
cash,2026-06,2026-06-23,,,,Калинина 2,,,,,,cash_1c,67229.0,ПУХ ЖАРА ИЮНЬ(1).xlsx,Касса,24,6,OK,
cash,2026-06,2026-06-23,,,,Калинина 2,,,,,,cash_actual,69238.0,ПУХ ЖАРА ИЮНЬ(1).xlsx,Касса,24,5,OK,
cash,2026-06,2026-06-23,,,,Калинина 2,,,,,,cash_variance,9.0,ПУХ ЖАРА ИЮНЬ(1).xlsx,Касса,24,7,OK,
cash,2026-06,2026-06-23,,,,Космонавтов 20а,,,,,,cash_1c,18400.0,ПУХ ЖАРА ИЮНЬ(1).xlsx,Касса,24,3,OK,
cash,2026-06,2026-06-23,,,,Космонавтов 20а,,,,,,cash_actual,20334.0,ПУХ ЖАРА ИЮНЬ(1).xlsx,Касса,24,2,OK,
cash,2026-06,2026-06-23,,,,Космонавтов 20а,,,,,,cash_variance,-66.0,ПУХ ЖАРА ИЮНЬ(1).xlsx,Касса,24,4,OK,
cash,2026-06,2026-06-24,,,,Калинина 2,,,,,,cash_1c,79379.0,ПУХ ЖАРА ИЮНЬ(1).xlsx,Касса,25,6,OK,
cash,2026-06,2026-06-24,,,,Калинина 2,,,,,,cash_actual,81388.0,ПУХ ЖАРА ИЮНЬ(1).xlsx,Касса,25,5,OK,
cash,2026-06,2026-06-24,,,,Калинина 2,,,,,,cash_variance,9.0,ПУХ ЖАРА ИЮНЬ(1).xlsx,Касса,25,7,OK,
cash,2026-06,2026-06-24,,,,Космонавтов 20а,,,,,,cash_1c,25602.0,ПУХ ЖАРА ИЮНЬ(1).xlsx,Касса,25,3,OK,
cash,2026-06,2026-06-24,,,,Космонавтов 20а,,,,,,cash_actual,27538.0,ПУХ ЖАРА ИЮНЬ(1).xlsx,Касса,25,2,OK,
cash,2026-06,2026-06-24,,,,Космонавтов 20а,,,,,,cash_variance,-64.0,ПУХ ЖАРА ИЮНЬ(1).xlsx,Касса,25,4,OK,
cash,2026-06,2026-06-25,,,,Калинина 2,,,,,,cash_1c,0.0,ПУХ ЖАРА ИЮНЬ(1).xlsx,Касса,26,6,OK,
cash,2026-06,2026-06-25,,,,Калинина 2,,,,,,cash_actual,0.0,ПУХ ЖАРА ИЮНЬ(1).xlsx,Касса,26,5,OK,
cash,2026-06,2026-06-25,,,,Калинина 2,,,,,,cash_variance,-2000.0,ПУХ ЖАРА ИЮНЬ(1).xlsx,Касса,26,7,OK,
cash,2026-06,2026-06-25,,,,Космонавтов 20а,,,,,,cash_1c,0.0,ПУХ ЖАРА ИЮНЬ(1).xlsx,Касса,26,3,OK,
cash,2026-06,2026-06-25,,,,Космонавтов 20а,,,,,,cash_actual,2036.0,ПУХ ЖАРА ИЮНЬ(1).xlsx,Касса,26,2,OK,
cash,2026-06,2026-06-25,,,,Космонавтов 20а,,,,,,cash_variance,36.0,ПУХ ЖАРА ИЮНЬ(1).xlsx,Касса,26,4,OK,
cash,2026-06,2026-06-26,,,,Калинина 2,,,,,,cash_1c,0.0,ПУХ ЖАРА ИЮНЬ(1).xlsx,Касса,27,6,OK,
cash,2026-06,2026-06-26,,,,Калинина 2,,,,,,cash_actual,0.0,ПУХ ЖАРА ИЮНЬ(1).xlsx,Касса,27,5,OK,
cash,2026-06,2026-06-26,,,,Калинина 2,,,,,,cash_variance,-2000.0,ПУХ ЖАРА ИЮНЬ(1).xlsx,Касса,27,7,OK,
cash,2026-06,2026-06-26,,,,Космонавтов 20а,,,,,,cash_1c,4800.0,ПУХ ЖАРА ИЮНЬ(1).xlsx,Касса,27,3,OK,
cash,2026-06,2026-06-26,,,,Космонавтов 20а,,,,,,cash_actual,6844.0,ПУХ ЖАРА ИЮНЬ(1).xlsx,Касса,27,2,OK,
cash,2026-06,2026-06-26,,,,Космонавтов 20а,,,,,,cash_variance,44.0,ПУХ ЖАРА ИЮНЬ(1).xlsx,Касса,27,4,OK,
cash,2026-06,2026-06-27,,,,Калинина 2,,,,,,cash_1c,10160.0,ПУХ ЖАРА ИЮНЬ(1).xlsx,Касса,28,6,OK,
cash,2026-06,2026-06-27,,,,Калинина 2,,,,,,cash_actual,12146.0,ПУХ ЖАРА ИЮНЬ(1).xlsx,Касса,28,5,OK,
cash,2026-06,2026-06-27,,,,Калинина 2,,,,,,cash_variance,-14.0,ПУХ ЖАРА ИЮНЬ(1).xlsx,Касса,28,7,OK,
cash,2026-06,2026-06-27,,,,Космонавтов 20а,,,,,,cash_1c,22430.0,ПУХ ЖАРА ИЮНЬ(1).xlsx,Касса,28,3,OK,
cash,2026-06,2026-06-27,,,,Космонавтов 20а,,,,,,cash_actual,24436.0,ПУХ ЖАРА ИЮНЬ(1).xlsx,Касса,28,2,OK,
cash,2026-06,2026-06-27,,,,Космонавтов 20а,,,,,,cash_variance,6.0,ПУХ ЖАРА ИЮНЬ(1).xlsx,Касса,28,4,OK,
cash,2026-06,2026-06-28,,,,Калинина 2,,,,,,cash_1c,44117.0,ПУХ ЖАРА ИЮНЬ(1).xlsx,Касса,29,6,OK,
cash,2026-06,2026-06-28,,,,Калинина 2,,,,,,cash_actual,46108.0,ПУХ ЖАРА ИЮНЬ(1).xlsx,Касса,29,5,OK,
cash,2026-06,2026-06-28,,,,Калинина 2,,,,,,cash_variance,-9.0,ПУХ ЖАРА ИЮНЬ(1).xlsx,Касса,29,7,OK,
cash,2026-06,2026-06-28,,,,Космонавтов 20а,,,,,,cash_1c,0.0,ПУХ ЖАРА ИЮНЬ(1).xlsx,Касса,29,3,OK,
cash,2026-06,2026-06-28,,,,Космонавтов 20а,,,,,,cash_actual,0.0,ПУХ ЖАРА ИЮНЬ(1).xlsx,Касса,29,2,OK,
cash,2026-06,2026-06-28,,,,Космонавтов 20а,,,,,,cash_variance,-2000.0,ПУХ ЖАРА ИЮНЬ(1).xlsx,Касса,29,4,OK,
cash,2026-06,2026-06-29,,,,Калинина 2,,,,,,cash_1c,49167.0,ПУХ ЖАРА ИЮНЬ(1).xlsx,Касса,30,6,OK,
cash,2026-06,2026-06-29,,,,Калинина 2,,,,,,cash_actual,51158.0,ПУХ ЖАРА ИЮНЬ(1).xlsx,Касса,30,5,OK,
cash,2026-06,2026-06-29,,,,Калинина 2,,,,,,cash_variance,-9.0,ПУХ ЖАРА ИЮНЬ(1).xlsx,Касса,30,7,OK,
cash,2026-06,2026-06-29,,,,Космонавтов 20а,,,,,,cash_1c,51780.0,ПУХ ЖАРА ИЮНЬ(1).xlsx,Касса,30,3,OK,
cash,2026-06,2026-06-29,,,,Космонавтов 20а,,,,,,cash_actual,53793.0,ПУХ ЖАРА ИЮНЬ(1).xlsx,Касса,30,2,OK,
cash,2026-06,2026-06-29,,,,Космонавтов 20а,,,,,,cash_variance,13.0,ПУХ ЖАРА ИЮНЬ(1).xlsx,Касса,30,4,OK,
cash,2026-06,2026-06-30,,,,Калинина 2,,,,,,cash_variance,-2000.0,ПУХ ЖАРА ИЮНЬ(1).xlsx,Касса,31,7,OK,
cash,2026-06,2026-06-30,,,,Космонавтов 20а,,,,,,cash_1c,0.0,ПУХ ЖАРА ИЮНЬ(1).xlsx,Касса,31,3,OK,
cash,2026-06,2026-06-30,,,,Космонавтов 20а,,,,,,cash_actual,0.0,ПУХ ЖАРА ИЮНЬ(1).xlsx,Касса,31,2,OK,
cash,2026-06,2026-06-30,,,,Космонавтов 20а,,,,,,cash_variance,-2000.0,ПУХ ЖАРА ИЮНЬ(1).xlsx,Касса,31,4,OK,
cash,2026-07,2026-07-01,,,,Калинина 2,,,,,,cash_1c,72147.0,РЫБКИ МОРЕ И ИЮЛЬ.xlsx,Касса,2,6,OK,
cash,2026-07,2026-07-01,,,,Калинина 2,,,,,,cash_actual,84368.0,РЫБКИ МОРЕ И ИЮЛЬ.xlsx,Касса,2,5,OK,
cash,2026-07,2026-07-01,,,,Калинина 2,,,,,,cash_variance,10221.0,РЫБКИ МОРЕ И ИЮЛЬ.xlsx,Касса,2,7,OK,
cash,2026-07,2026-07-01,,,,Космонавтов 20а,,,,,,cash_1c,76930.0,РЫБКИ МОРЕ И ИЮЛЬ.xlsx,Касса,2,3,OK,
cash,2026-07,2026-07-01,,,,Космонавтов 20а,,,,,,cash_actual,64634.0,РЫБКИ МОРЕ И ИЮЛЬ.xlsx,Касса,2,2,OK,
cash,2026-07,2026-07-01,,,,Космонавтов 20а,,,,,,cash_variance,-14296.0,РЫБКИ МОРЕ И ИЮЛЬ.xlsx,Касса,2,4,OK,
cash,2026-07,2026-07-02,,,,Калинина 2,,,,,,cash_1c,0.0,РЫБКИ МОРЕ И ИЮЛЬ.xlsx,Касса,3,6,OK,
cash,2026-07,2026-07-02,,,,Калинина 2,,,,,,cash_actual,0.0,РЫБКИ МОРЕ И ИЮЛЬ.xlsx,Касса,3,5,OK,
cash,2026-07,2026-07-02,,,,Калинина 2,,,,,,cash_variance,-2000.0,РЫБКИ МОРЕ И ИЮЛЬ.xlsx,Касса,3,7,OK,
cash,2026-07,2026-07-02,,,,Космонавтов 20а,,,,,,cash_1c,0.0,РЫБКИ МОРЕ И ИЮЛЬ.xlsx,Касса,3,3,OK,
cash,2026-07,2026-07-02,,,,Космонавтов 20а,,,,,,cash_actual,2003.0,РЫБКИ МОРЕ И ИЮЛЬ.xlsx,Касса,3,2,OK,
cash,2026-07,2026-07-02,,,,Космонавтов 20а,,,,,,cash_variance,3.0,РЫБКИ МОРЕ И ИЮЛЬ.xlsx,Касса,3,4,OK,
cash,2026-07,2026-07-03,,,,Калинина 2,,,,,,cash_1c,12070.0,РЫБКИ МОРЕ И ИЮЛЬ.xlsx,Касса,4,6,OK,
cash,2026-07,2026-07-03,,,,Калинина 2,,,,,,cash_actual,14088.0,РЫБКИ МОРЕ И ИЮЛЬ.xlsx,Касса,4,5,OK,
cash,2026-07,2026-07-03,,,,Калинина 2,,,,,,cash_variance,18.0,РЫБКИ МОРЕ И ИЮЛЬ.xlsx,Касса,4,7,OK,
cash,2026-07,2026-07-03,,,,Космонавтов 20а,,,,,,cash_1c,5850.0,РЫБКИ МОРЕ И ИЮЛЬ.xlsx,Касса,4,3,OK,
cash,2026-07,2026-07-03,,,,Космонавтов 20а,,,,,,cash_actual,7928.0,РЫБКИ МОРЕ И ИЮЛЬ.xlsx,Касса,4,2,OK,
cash,2026-07,2026-07-03,,,,Космонавтов 20а,,,,,,cash_variance,78.0,РЫБКИ МОРЕ И ИЮЛЬ.xlsx,Касса,4,4,OK,
cash,2026-07,2026-07-04,,,,Калинина 2,,,,,,cash_1c,28998.0,РЫБКИ МОРЕ И ИЮЛЬ.xlsx,Касса,5,6,OK,
cash,2026-07,2026-07-04,,,,Калинина 2,,,,,,cash_actual,31018.0,РЫБКИ МОРЕ И ИЮЛЬ.xlsx,Касса,5,5,OK,
cash,2026-07,2026-07-04,,,,Калинина 2,,,,,,cash_variance,20.0,РЫБКИ МОРЕ И ИЮЛЬ.xlsx,Касса,5,7,OK,
cash,2026-07,2026-07-04,,,,Космонавтов 20а,,,,,,cash_1c,8850.0,РЫБКИ МОРЕ И ИЮЛЬ.xlsx,Касса,5,3,OK,
cash,2026-07,2026-07-04,,,,Космонавтов 20а,,,,,,cash_actual,10853.0,РЫБКИ МОРЕ И ИЮЛЬ.xlsx,Касса,5,2,OK,
cash,2026-07,2026-07-04,,,,Космонавтов 20а,,,,,,cash_variance,3.0,РЫБКИ МОРЕ И ИЮЛЬ.xlsx,Касса,5,4,OK,
cash,2026-07,2026-07-05,,,,Калинина 2,,,,,,cash_1c,29498.0,РЫБКИ МОРЕ И ИЮЛЬ.xlsx,Касса,6,6,OK,
cash,2026-07,2026-07-05,,,,Калинина 2,,,,,,cash_actual,31518.0,РЫБКИ МОРЕ И ИЮЛЬ.xlsx,Касса,6,5,OK,
cash,2026-07,2026-07-05,,,,Калинина 2,,,,,,cash_variance,20.0,РЫБКИ МОРЕ И ИЮЛЬ.xlsx,Касса,6,7,OK,
cash,2026-07,2026-07-05,,,,Космонавтов 20а,,,,,,cash_1c,16550.0,РЫБКИ МОРЕ И ИЮЛЬ.xlsx,Касса,6,3,OK,
cash,2026-07,2026-07-05,,,,Космонавтов 20а,,,,,,cash_actual,18553.0,РЫБКИ МОРЕ И ИЮЛЬ.xlsx,Касса,6,2,OK,
cash,2026-07,2026-07-05,,,,Космонавтов 20а,,,,,,cash_variance,3.0,РЫБКИ МОРЕ И ИЮЛЬ.xlsx,Касса,6,4,OK,
cash,2026-07,2026-07-06,,,,Калинина 2,,,,,,cash_1c,31348.0,РЫБКИ МОРЕ И ИЮЛЬ.xlsx,Касса,7,6,OK,
cash,2026-07,2026-07-06,,,,Калинина 2,,,,,,cash_actual,33367.0,РЫБКИ МОРЕ И ИЮЛЬ.xlsx,Касса,7,5,OK,
cash,2026-07,2026-07-06,,,,Калинина 2,,,,,,cash_variance,19.0,РЫБКИ МОРЕ И ИЮЛЬ.xlsx,Касса,7,7,OK,
cash,2026-07,2026-07-06,,,,Космонавтов 20а,,,,,,cash_1c,0.0,РЫБКИ МОРЕ И ИЮЛЬ.xlsx,Касса,7,3,OK,
cash,2026-07,2026-07-06,,,,Космонавтов 20а,,,,,,cash_actual,0.0,РЫБКИ МОРЕ И ИЮЛЬ.xlsx,Касса,7,2,OK,
cash,2026-07,2026-07-06,,,,Космонавтов 20а,,,,,,cash_variance,-2000.0,РЫБКИ МОРЕ И ИЮЛЬ.xlsx,Касса,7,4,OK,
cash,2026-07,2026-07-07,,,,Калинина 2,,,,,,cash_1c,36488.0,РЫБКИ МОРЕ И ИЮЛЬ.xlsx,Касса,8,6,OK,
cash,2026-07,2026-07-07,,,,Калинина 2,,,,,,cash_actual,38557.0,РЫБКИ МОРЕ И ИЮЛЬ.xlsx,Касса,8,5,OK,
cash,2026-07,2026-07-07,,,,Калинина 2,,,,,,cash_variance,69.0,РЫБКИ МОРЕ И ИЮЛЬ.xlsx,Касса,8,7,OK,
cash,2026-07,2026-07-07,,,,Космонавтов 20а,,,,,,cash_1c,22870.0,РЫБКИ МОРЕ И ИЮЛЬ.xlsx,Касса,8,3,OK,
cash,2026-07,2026-07-07,,,,Космонавтов 20а,,,,,,cash_actual,24873.0,РЫБКИ МОРЕ И ИЮЛЬ.xlsx,Касса,8,2,OK,
cash,2026-07,2026-07-07,,,,Космонавтов 20а,,,,,,cash_variance,3.0,РЫБКИ МОРЕ И ИЮЛЬ.xlsx,Касса,8,4,OK,
cash,2026-07,2026-07-08,,,,Калинина 2,,,,,,cash_1c,37238.0,РЫБКИ МОРЕ И ИЮЛЬ.xlsx,Касса,9,6,OK,
cash,2026-07,2026-07-08,,,,Калинина 2,,,,,,cash_actual,39258.0,РЫБКИ МОРЕ И ИЮЛЬ.xlsx,Касса,9,5,OK,
cash,2026-07,2026-07-08,,,,Калинина 2,,,,,,cash_variance,20.0,РЫБКИ МОРЕ И ИЮЛЬ.xlsx,Касса,9,7,OK,
cash,2026-07,2026-07-08,,,,Космонавтов 20а,,,,,,cash_1c,40972.0,РЫБКИ МОРЕ И ИЮЛЬ.xlsx,Касса,9,3,OK,
cash,2026-07,2026-07-08,,,,Космонавтов 20а,,,,,,cash_actual,42975.0,РЫБКИ МОРЕ И ИЮЛЬ.xlsx,Касса,9,2,OK,
cash,2026-07,2026-07-08,,,,Космонавтов 20а,,,,,,cash_variance,3.0,РЫБКИ МОРЕ И ИЮЛЬ.xlsx,Касса,9,4,OK,
cash,2026-07,2026-07-09,,,,Калинина 2,,,,,,cash_1c,0.0,РЫБКИ МОРЕ И ИЮЛЬ.xlsx,Касса,10,6,OK,
cash,2026-07,2026-07-09,,,,Калинина 2,,,,,,cash_actual,2017.0,РЫБКИ МОРЕ И ИЮЛЬ.xlsx,Касса,10,5,OK,
cash,2026-07,2026-07-09,,,,Калинина 2,,,,,,cash_variance,17.0,РЫБКИ МОРЕ И ИЮЛЬ.xlsx,Касса,10,7,OK,
cash,2026-07,2026-07-09,,,,Космонавтов 20а,,,,,,cash_1c,0.0,РЫБКИ МОРЕ И ИЮЛЬ.xlsx,Касса,10,3,OK,
cash,2026-07,2026-07-09,,,,Космонавтов 20а,,,,,,cash_actual,2003.0,РЫБКИ МОРЕ И ИЮЛЬ.xlsx,Касса,10,2,OK,
cash,2026-07,2026-07-09,,,,Космонавтов 20а,,,,,,cash_variance,3.0,РЫБКИ МОРЕ И ИЮЛЬ.xlsx,Касса,10,4,OK,
cash,2026-07,2026-07-10,,,,Калинина 2,,,,,,cash_1c,8499.0,РЫБКИ МОРЕ И ИЮЛЬ.xlsx,Касса,11,6,OK,
cash,2026-07,2026-07-10,,,,Калинина 2,,,,,,cash_actual,10518.0,РЫБКИ МОРЕ И ИЮЛЬ.xlsx,Касса,11,5,OK,
cash,2026-07,2026-07-10,,,,Калинина 2,,,,,,cash_variance,19.0,РЫБКИ МОРЕ И ИЮЛЬ.xlsx,Касса,11,7,OK,
cash,2026-07,2026-07-10,,,,Космонавтов 20а,,,,,,cash_1c,18950.0,РЫБКИ МОРЕ И ИЮЛЬ.xlsx,Касса,11,3,OK,
cash,2026-07,2026-07-10,,,,Космонавтов 20а,,,,,,cash_actual,20953.0,РЫБКИ МОРЕ И ИЮЛЬ.xlsx,Касса,11,2,OK,
cash,2026-07,2026-07-10,,,,Космонавтов 20а,,,,,,cash_variance,3.0,РЫБКИ МОРЕ И ИЮЛЬ.xlsx,Касса,11,4,OK,
cash,2026-07,2026-07-11,,,,Калинина 2,,,,,,cash_1c,0.0,РЫБКИ МОРЕ И ИЮЛЬ.xlsx,Касса,12,6,OK,
cash,2026-07,2026-07-11,,,,Калинина 2,,,,,,cash_actual,0.0,РЫБКИ МОРЕ И ИЮЛЬ.xlsx,Касса,12,5,OK,
cash,2026-07,2026-07-11,,,,Калинина 2,,,,,,cash_variance,-2000.0,РЫБКИ МОРЕ И ИЮЛЬ.xlsx,Касса,12,7,OK,
cash,2026-07,2026-07-11,,,,Космонавтов 20а,,,,,,cash_1c,23710.0,РЫБКИ МОРЕ И ИЮЛЬ.xlsx,Касса,12,3,OK,
cash,2026-07,2026-07-11,,,,Космонавтов 20а,,,,,,cash_actual,25713.0,РЫБКИ МОРЕ И ИЮЛЬ.xlsx,Касса,12,2,OK,
cash,2026-07,2026-07-11,,,,Космонавтов 20а,,,,,,cash_variance,3.0,РЫБКИ МОРЕ И ИЮЛЬ.xlsx,Касса,12,4,OK,
cash,2026-07,2026-07-12,,,,Калинина 2,,,,,,cash_1c,13998.0,РЫБКИ МОРЕ И ИЮЛЬ.xlsx,Касса,13,6,OK,
cash,2026-07,2026-07-12,,,,Калинина 2,,,,,,cash_actual,16017.0,РЫБКИ МОРЕ И ИЮЛЬ.xlsx,Касса,13,5,OK,
cash,2026-07,2026-07-12,,,,Калинина 2,,,,,,cash_variance,19.0,РЫБКИ МОРЕ И ИЮЛЬ.xlsx,Касса,13,7,OK,
cash,2026-07,2026-07-12,,,,Космонавтов 20а,,,,,,cash_1c,33860.0,РЫБКИ МОРЕ И ИЮЛЬ.xlsx,Касса,13,3,OK,
cash,2026-07,2026-07-12,,,,Космонавтов 20а,,,,,,cash_actual,35913.0,РЫБКИ МОРЕ И ИЮЛЬ.xlsx,Касса,13,2,OK,
cash,2026-07,2026-07-12,,,,Космонавтов 20а,,,,,,cash_variance,53.0,РЫБКИ МОРЕ И ИЮЛЬ.xlsx,Касса,13,4,OK,
cash,2026-07,2026-07-13,,,,Калинина 2,,,,,,cash_1c,17338.0,РЫБКИ МОРЕ И ИЮЛЬ.xlsx,Касса,14,6,OK,
cash,2026-07,2026-07-13,,,,Калинина 2,,,,,,cash_actual,19360.0,РЫБКИ МОРЕ И ИЮЛЬ.xlsx,Касса,14,5,OK,
cash,2026-07,2026-07-13,,,,Калинина 2,,,,,,cash_variance,22.0,РЫБКИ МОРЕ И ИЮЛЬ.xlsx,Касса,14,7,OK,
cash,2026-07,2026-07-13,,,,Космонавтов 20а,,,,,,cash_1c,53019.0,РЫБКИ МОРЕ И ИЮЛЬ.xlsx,Касса,14,3,OK,
cash,2026-07,2026-07-13,,,,Космонавтов 20а,,,,,,cash_actual,54543.0,РЫБКИ МОРЕ И ИЮЛЬ.xlsx,Касса,14,2,OK,
cash,2026-07,2026-07-13,,,,Космонавтов 20а,,,,,,cash_variance,-476.0,РЫБКИ МОРЕ И ИЮЛЬ.xlsx,Касса,14,4,OK,
cash,2026-07,2026-07-14,,,,Калинина 2,,,,,,cash_1c,20147.0,РЫБКИ МОРЕ И ИЮЛЬ.xlsx,Касса,15,6,OK,
cash,2026-07,2026-07-14,,,,Калинина 2,,,,,,cash_actual,22168.0,РЫБКИ МОРЕ И ИЮЛЬ.xlsx,Касса,15,5,OK,
cash,2026-07,2026-07-14,,,,Калинина 2,,,,,,cash_variance,21.0,РЫБКИ МОРЕ И ИЮЛЬ.xlsx,Касса,15,7,OK,
cash,2026-07,2026-07-14,,,,Космонавтов 20а,,,,,,cash_1c,55319.0,РЫБКИ МОРЕ И ИЮЛЬ.xlsx,Касса,15,3,OK,
cash,2026-07,2026-07-14,,,,Космонавтов 20а,,,,,,cash_actual,56843.0,РЫБКИ МОРЕ И ИЮЛЬ.xlsx,Касса,15,2,OK,
cash,2026-07,2026-07-14,,,,Космонавтов 20а,,,,,,cash_variance,-476.0,РЫБКИ МОРЕ И ИЮЛЬ.xlsx,Касса,15,4,OK,
cash,2026-07,2026-07-15,,,,Калинина 2,,,,,,cash_1c,26487.0,РЫБКИ МОРЕ И ИЮЛЬ.xlsx,Касса,16,6,OK,
cash,2026-07,2026-07-15,,,,Калинина 2,,,,,,cash_actual,28510.0,РЫБКИ МОРЕ И ИЮЛЬ.xlsx,Касса,16,5,OK,
cash,2026-07,2026-07-15,,,,Калинина 2,,,,,,cash_variance,23.0,РЫБКИ МОРЕ И ИЮЛЬ.xlsx,Касса,16,7,OK,
cash,2026-07,2026-07-15,,,,Космонавтов 20а,,,,,,cash_1c,59309.0,РЫБКИ МОРЕ И ИЮЛЬ.xlsx,Касса,16,3,OK,
cash,2026-07,2026-07-15,,,,Космонавтов 20а,,,,,,cash_actual,60833.0,РЫБКИ МОРЕ И ИЮЛЬ.xlsx,Касса,16,2,OK,
cash,2026-07,2026-07-15,,,,Космонавтов 20а,,,,,,cash_variance,-476.0,РЫБКИ МОРЕ И ИЮЛЬ.xlsx,Касса,16,4,OK,
cash,2026-07,2026-07-16,,,,Калинина 2,,,,,,cash_1c,27937.0,РЫБКИ МОРЕ И ИЮЛЬ.xlsx,Касса,17,6,OK,
cash,2026-07,2026-07-16,,,,Калинина 2,,,,,,cash_actual,29958.0,РЫБКИ МОРЕ И ИЮЛЬ.xlsx,Касса,17,5,OK,
cash,2026-07,2026-07-16,,,,Калинина 2,,,,,,cash_variance,21.0,РЫБКИ МОРЕ И ИЮЛЬ.xlsx,Касса,17,7,OK,
cash,2026-07,2026-07-16,,,,Космонавтов 20а,,,,,,cash_1c,0.0,РЫБКИ МОРЕ И ИЮЛЬ.xlsx,Касса,17,3,OK,
cash,2026-07,2026-07-16,,,,Космонавтов 20а,,,,,,cash_actual,2008.0,РЫБКИ МОРЕ И ИЮЛЬ.xlsx,Касса,17,2,OK,
cash,2026-07,2026-07-16,,,,Космонавтов 20а,,,,,,cash_variance,8.0,РЫБКИ МОРЕ И ИЮЛЬ.xlsx,Касса,17,4,OK,
cash,2026-07,2026-07-17,,,,Калинина 2,,,,,,cash_1c,30160.0,РЫБКИ МОРЕ И ИЮЛЬ.xlsx,Касса,18,6,OK,
cash,2026-07,2026-07-17,,,,Калинина 2,,,,,,cash_actual,32308.0,РЫБКИ МОРЕ И ИЮЛЬ.xlsx,Касса,18,5,OK,
cash,2026-07,2026-07-17,,,,Калинина 2,,,,,,cash_variance,148.0,РЫБКИ МОРЕ И ИЮЛЬ.xlsx,Касса,18,7,OK,
cash,2026-07,2026-07-17,,,,Космонавтов 20а,,,,,,cash_1c,0.0,РЫБКИ МОРЕ И ИЮЛЬ.xlsx,Касса,18,3,OK,
cash,2026-07,2026-07-17,,,,Космонавтов 20а,,,,,,cash_actual,0.0,РЫБКИ МОРЕ И ИЮЛЬ.xlsx,Касса,18,2,OK,
cash,2026-07,2026-07-17,,,,Космонавтов 20а,,,,,,cash_variance,-2000.0,РЫБКИ МОРЕ И ИЮЛЬ.xlsx,Касса,18,4,OK,
cash,2026-07,2026-07-18,,,,Калинина 2,,,,,,cash_1c,34850.0,РЫБКИ МОРЕ И ИЮЛЬ.xlsx,Касса,19,6,OK,
cash,2026-07,2026-07-18,,,,Калинина 2,,,,,,cash_actual,37008.0,РЫБКИ МОРЕ И ИЮЛЬ.xlsx,Касса,19,5,OK,
cash,2026-07,2026-07-18,,,,Калинина 2,,,,,,cash_variance,158.0,РЫБКИ МОРЕ И ИЮЛЬ.xlsx,Касса,19,7,OK,
cash,2026-07,2026-07-18,,,,Космонавтов 20а,,,,,,cash_1c,13900.0,РЫБКИ МОРЕ И ИЮЛЬ.xlsx,Касса,19,3,OK,
cash,2026-07,2026-07-18,,,,Космонавтов 20а,,,,,,cash_actual,15938.0,РЫБКИ МОРЕ И ИЮЛЬ.xlsx,Касса,19,2,OK,
cash,2026-07,2026-07-18,,,,Космонавтов 20а,,,,,,cash_variance,38.0,РЫБКИ МОРЕ И ИЮЛЬ.xlsx,Касса,19,4,OK,
cash,2026-07,2026-07-19,,,,Калинина 2,,,,,,cash_1c,52639.0,РЫБКИ МОРЕ И ИЮЛЬ.xlsx,Касса,20,6,OK,
cash,2026-07,2026-07-19,,,,Калинина 2,,,,,,cash_actual,54658.0,РЫБКИ МОРЕ И ИЮЛЬ.xlsx,Касса,20,5,OK,
cash,2026-07,2026-07-19,,,,Калинина 2,,,,,,cash_variance,19.0,РЫБКИ МОРЕ И ИЮЛЬ.xlsx,Касса,20,7,OK,
cash,2026-07,2026-07-19,,,,Космонавтов 20а,,,,,,cash_1c,17090.0,РЫБКИ МОРЕ И ИЮЛЬ.xlsx,Касса,20,3,OK,
cash,2026-07,2026-07-19,,,,Космонавтов 20а,,,,,,cash_actual,19128.0,РЫБКИ МОРЕ И ИЮЛЬ.xlsx,Касса,20,2,OK,
cash,2026-07,2026-07-19,,,,Космонавтов 20а,,,,,,cash_variance,38.0,РЫБКИ МОРЕ И ИЮЛЬ.xlsx,Касса,20,4,OK,
cash,2026-07,2026-07-20,,,,Калинина 2,,,,,,cash_1c,82818.0,РЫБКИ МОРЕ И ИЮЛЬ.xlsx,Касса,21,6,OK,
cash,2026-07,2026-07-20,,,,Калинина 2,,,,,,cash_actual,84907.0,РЫБКИ МОРЕ И ИЮЛЬ.xlsx,Касса,21,5,OK,
cash,2026-07,2026-07-20,,,,Калинина 2,,,,,,cash_variance,89.0,РЫБКИ МОРЕ И ИЮЛЬ.xlsx,Касса,21,7,OK,
cash,2026-07,2026-07-20,,,,Космонавтов 20а,,,,,,cash_1c,28637.0,РЫБКИ МОРЕ И ИЮЛЬ.xlsx,Касса,21,3,OK,
cash,2026-07,2026-07-20,,,,Космонавтов 20а,,,,,,cash_actual,30728.0,РЫБКИ МОРЕ И ИЮЛЬ.xlsx,Касса,21,2,OK,
cash,2026-07,2026-07-20,,,,Космонавтов 20а,,,,,,cash_variance,91.0,РЫБКИ МОРЕ И ИЮЛЬ.xlsx,Касса,21,4,OK,
cash,2026-07,2026-07-21,,,,Калинина 2,,,,,,cash_1c,84318.0,РЫБКИ МОРЕ И ИЮЛЬ.xlsx,Касса,22,6,OK,
cash,2026-07,2026-07-21,,,,Калинина 2,,,,,,cash_actual,86407.0,РЫБКИ МОРЕ И ИЮЛЬ.xlsx,Касса,22,5,OK,
cash,2026-07,2026-07-21,,,,Калинина 2,,,,,,cash_variance,89.0,РЫБКИ МОРЕ И ИЮЛЬ.xlsx,Касса,22,7,OK,
cash,2026-07,2026-07-21,,,,Космонавтов 20а,,,,,,cash_1c,34087.0,РЫБКИ МОРЕ И ИЮЛЬ.xlsx,Касса,22,3,OK,
cash,2026-07,2026-07-21,,,,Космонавтов 20а,,,,,,cash_actual,36128.0,РЫБКИ МОРЕ И ИЮЛЬ.xlsx,Касса,22,2,OK,
cash,2026-07,2026-07-21,,,,Космонавтов 20а,,,,,,cash_variance,41.0,РЫБКИ МОРЕ И ИЮЛЬ.xlsx,Касса,22,4,OK,
cash,2026-07,2026-07-22,,,,Калинина 2,,,,,,cash_1c,88388.0,РЫБКИ МОРЕ И ИЮЛЬ.xlsx,Касса,23,6,OK,
cash,2026-07,2026-07-22,,,,Калинина 2,,,,,,cash_actual,90477.0,РЫБКИ МОРЕ И ИЮЛЬ.xlsx,Касса,23,5,OK,
cash,2026-07,2026-07-22,,,,Калинина 2,,,,,,cash_variance,89.0,РЫБКИ МОРЕ И ИЮЛЬ.xlsx,Касса,23,7,OK,
cash,2026-07,2026-07-22,,,,Космонавтов 20а,,,,,,cash_1c,53001.0,РЫБКИ МОРЕ И ИЮЛЬ.xlsx,Касса,23,3,OK,
cash,2026-07,2026-07-22,,,,Космонавтов 20а,,,,,,cash_actual,55043.0,РЫБКИ МОРЕ И ИЮЛЬ.xlsx,Касса,23,2,OK,
cash,2026-07,2026-07-22,,,,Космонавтов 20а,,,,,,cash_variance,42.0,РЫБКИ МОРЕ И ИЮЛЬ.xlsx,Касса,23,4,OK,
cash,2026-07,2026-07-23,,,,Калинина 2,,,,,,cash_1c,0.0,РЫБКИ МОРЕ И ИЮЛЬ.xlsx,Касса,24,6,OK,
cash,2026-07,2026-07-23,,,,Калинина 2,,,,,,cash_actual,2061.0,РЫБКИ МОРЕ И ИЮЛЬ.xlsx,Касса,24,5,OK,
cash,2026-07,2026-07-23,,,,Калинина 2,,,,,,cash_variance,61.0,РЫБКИ МОРЕ И ИЮЛЬ.xlsx,Касса,24,7,OK,
cash,2026-07,2026-07-23,,,,Космонавтов 20а,,,,,,cash_1c,0.0,РЫБКИ МОРЕ И ИЮЛЬ.xlsx,Касса,24,3,OK,
cash,2026-07,2026-07-23,,,,Космонавтов 20а,,,,,,cash_actual,2041.0,РЫБКИ МОРЕ И ИЮЛЬ.xlsx,Касса,24,2,OK,
cash,2026-07,2026-07-23,,,,Космонавтов 20а,,,,,,cash_variance,41.0,РЫБКИ МОРЕ И ИЮЛЬ.xlsx,Касса,24,4,OK,
cash,2026-07,2026-07-24,,,,Калинина 2,,,,,,cash_1c,2215.0,РЫБКИ МОРЕ И ИЮЛЬ.xlsx,Касса,25,6,OK,
cash,2026-07,2026-07-24,,,,Калинина 2,,,,,,cash_actual,4238.0,РЫБКИ МОРЕ И ИЮЛЬ.xlsx,Касса,25,5,OK,
cash,2026-07,2026-07-24,,,,Калинина 2,,,,,,cash_variance,23.0,РЫБКИ МОРЕ И ИЮЛЬ.xlsx,Касса,25,7,OK,
cash,2026-07,2026-07-24,,,,Космонавтов 20а,,,,,,cash_1c,4488.0,РЫБКИ МОРЕ И ИЮЛЬ.xlsx,Касса,25,3,OK,
cash,2026-07,2026-07-24,,,,Космонавтов 20а,,,,,,cash_actual,6531.0,РЫБКИ МОРЕ И ИЮЛЬ.xlsx,Касса,25,2,OK,
cash,2026-07,2026-07-24,,,,Космонавтов 20а,,,,,,cash_variance,43.0,РЫБКИ МОРЕ И ИЮЛЬ.xlsx,Касса,25,4,OK,
cash,2026-07,2026-07-25,,,,Калинина 2,,,,,,cash_1c,4815.0,РЫБКИ МОРЕ И ИЮЛЬ.xlsx,Касса,26,6,OK,
cash,2026-07,2026-07-25,,,,Калинина 2,,,,,,cash_actual,6838.0,РЫБКИ МОРЕ И ИЮЛЬ.xlsx,Касса,26,5,OK,
cash,2026-07,2026-07-25,,,,Калинина 2,,,,,,cash_variance,23.0,РЫБКИ МОРЕ И ИЮЛЬ.xlsx,Касса,26,7,OK,
cash,2026-07,2026-07-25,,,,Космонавтов 20а,,,,,,cash_1c,9388.0,РЫБКИ МОРЕ И ИЮЛЬ.xlsx,Касса,26,3,OK,
cash,2026-07,2026-07-25,,,,Космонавтов 20а,,,,,,cash_actual,11431.0,РЫБКИ МОРЕ И ИЮЛЬ.xlsx,Касса,26,2,OK,
cash,2026-07,2026-07-25,,,,Космонавтов 20а,,,,,,cash_variance,43.0,РЫБКИ МОРЕ И ИЮЛЬ.xlsx,Касса,26,4,OK,
cash,2026-07,2026-07-26,,,,Калинина 2,,,,,,cash_1c,25655.0,РЫБКИ МОРЕ И ИЮЛЬ.xlsx,Касса,27,6,OK,
cash,2026-07,2026-07-26,,,,Калинина 2,,,,,,cash_actual,27747.0,РЫБКИ МОРЕ И ИЮЛЬ.xlsx,Касса,27,5,OK,
cash,2026-07,2026-07-26,,,,Калинина 2,,,,,,cash_variance,92.0,РЫБКИ МОРЕ И ИЮЛЬ.xlsx,Касса,27,7,OK,
cash,2026-07,2026-07-26,,,,Космонавтов 20а,,,,,,cash_1c,31666.0,РЫБКИ МОРЕ И ИЮЛЬ.xlsx,Касса,27,3,OK,
cash,2026-07,2026-07-26,,,,Космонавтов 20а,,,,,,cash_actual,33721.0,РЫБКИ МОРЕ И ИЮЛЬ.xlsx,Касса,27,2,OK,
cash,2026-07,2026-07-26,,,,Космонавтов 20а,,,,,,cash_variance,55.0,РЫБКИ МОРЕ И ИЮЛЬ.xlsx,Касса,27,4,OK,
cash,2026-07,2026-07-27,,,,Калинина 2,,,,,,cash_1c,0.0,РЫБКИ МОРЕ И ИЮЛЬ.xlsx,Касса,28,6,OK,
cash,2026-07,2026-07-27,,,,Калинина 2,,,,,,cash_actual,0.0,РЫБКИ МОРЕ И ИЮЛЬ.xlsx,Касса,28,5,OK,
cash,2026-07,2026-07-27,,,,Калинина 2,,,,,,cash_variance,-2000.0,РЫБКИ МОРЕ И ИЮЛЬ.xlsx,Касса,28,7,OK,
cash,2026-07,2026-07-27,,,,Космонавтов 20а,,,,,,cash_1c,36606.0,РЫБКИ МОРЕ И ИЮЛЬ.xlsx,Касса,28,3,OK,
cash,2026-07,2026-07-27,,,,Космонавтов 20а,,,,,,cash_actual,38661.0,РЫБКИ МОРЕ И ИЮЛЬ.xlsx,Касса,28,2,OK,
cash,2026-07,2026-07-27,,,,Космонавтов 20а,,,,,,cash_variance,55.0,РЫБКИ МОРЕ И ИЮЛЬ.xlsx,Касса,28,4,OK,
cash,2026-07,2026-07-28,,,,Калинина 2,,,,,,cash_1c,30203.0,РЫБКИ МОРЕ И ИЮЛЬ.xlsx,Касса,29,6,OK,
cash,2026-07,2026-07-28,,,,Калинина 2,,,,,,cash_actual,31547.0,РЫБКИ МОРЕ И ИЮЛЬ.xlsx,Касса,29,5,OK,
cash,2026-07,2026-07-28,,,,Калинина 2,,,,,,cash_variance,-656.0,РЫБКИ МОРЕ И ИЮЛЬ.xlsx,Касса,29,7,OK,
cash,2026-07,2026-07-28,,,,Космонавтов 20а,,,,,,cash_1c,53466.0,РЫБКИ МОРЕ И ИЮЛЬ.xlsx,Касса,29,3,OK,
cash,2026-07,2026-07-28,,,,Космонавтов 20а,,,,,,cash_actual,55531.0,РЫБКИ МОРЕ И ИЮЛЬ.xlsx,Касса,29,2,OK,
cash,2026-07,2026-07-28,,,,Космонавтов 20а,,,,,,cash_variance,65.0,РЫБКИ МОРЕ И ИЮЛЬ.xlsx,Касса,29,4,OK,
cash,2026-07,2026-07-29,,,,Калинина 2,,,,,,cash_1c,44953.0,РЫБКИ МОРЕ И ИЮЛЬ.xlsx,Касса,30,6,OK,
cash,2026-07,2026-07-29,,,,Калинина 2,,,,,,cash_actual,46307.0,РЫБКИ МОРЕ И ИЮЛЬ.xlsx,Касса,30,5,OK,
cash,2026-07,2026-07-29,,,,Калинина 2,,,,,,cash_variance,-646.0,РЫБКИ МОРЕ И ИЮЛЬ.xlsx,Касса,30,7,OK,
cash,2026-07,2026-07-29,,,,Космонавтов 20а,,,,,,cash_1c,70687.0,РЫБКИ МОРЕ И ИЮЛЬ.xlsx,Касса,30,3,OK,
cash,2026-07,2026-07-29,,,,Космонавтов 20а,,,,,,cash_actual,72720.0,РЫБКИ МОРЕ И ИЮЛЬ.xlsx,Касса,30,2,OK,
cash,2026-07,2026-07-29,,,,Космонавтов 20а,,,,,,cash_variance,33.0,РЫБКИ МОРЕ И ИЮЛЬ.xlsx,Касса,30,4,OK,
cash,2026-07,2026-07-30,,,,Калинина 2,,,,,,cash_1c,0.0,РЫБКИ МОРЕ И ИЮЛЬ.xlsx,Касса,31,6,OK,
cash,2026-07,2026-07-30,,,,Калинина 2,,,,,,cash_actual,1402.0,РЫБКИ МОРЕ И ИЮЛЬ.xlsx,Касса,31,5,OK,
cash,2026-07,2026-07-30,,,,Калинина 2,,,,,,cash_variance,-598.0,РЫБКИ МОРЕ И ИЮЛЬ.xlsx,Касса,31,7,OK,
cash,2026-07,2026-07-30,,,,Космонавтов 20а,,,,,,cash_1c,0.0,РЫБКИ МОРЕ И ИЮЛЬ.xlsx,Касса,31,3,OK,
cash,2026-07,2026-07-30,,,,Космонавтов 20а,,,,,,cash_actual,0.0,РЫБКИ МОРЕ И ИЮЛЬ.xlsx,Касса,31,2,OK,
cash,2026-07,2026-07-30,,,,Космонавтов 20а,,,,,,cash_variance,-2000.0,РЫБКИ МОРЕ И ИЮЛЬ.xlsx,Касса,31,4,OK,
cash,2026-07,2026-07-31,,,,Калинина 2,,,,,,cash_1c,6800.0,РЫБКИ МОРЕ И ИЮЛЬ.xlsx,Касса,32,6,OK,
cash,2026-07,2026-07-31,,,,Калинина 2,,,,,,cash_actual,8202.0,РЫБКИ МОРЕ И ИЮЛЬ.xlsx,Касса,32,5,OK,
cash,2026-07,2026-07-31,,,,Калинина 2,,,,,,cash_variance,-598.0,РЫБКИ МОРЕ И ИЮЛЬ.xlsx,Касса,32,7,OK,
cash,2026-07,2026-07-31,,,,Космонавтов 20а,,,,,,cash_1c,17500.0,РЫБКИ МОРЕ И ИЮЛЬ.xlsx,Касса,32,3,OK,
cash,2026-07,2026-07-31,,,,Космонавтов 20а,,,,,,cash_actual,2497.0,РЫБКИ МОРЕ И ИЮЛЬ.xlsx,Касса,32,2,OK,
cash,2026-07,2026-07-31,,,,Космонавтов 20а,,,,,,cash_variance,-17003.0,РЫБКИ МОРЕ И ИЮЛЬ.xlsx,Касса,32,4,OK,
